CREATE DATABASE IF NOT EXISTS vk CHARACTER SET utf8 COLLATE utf8_unicode_ci;
USE vk;

#
# TABLE STRUCTURE FOR: users
#

DROP TABLE IF EXISTS `users`;
CREATE TABLE `users` (
  `id` bigint(20) unsigned NOT NULL AUTO_INCREMENT,
  `firstname` varchar(50) COLLATE utf8_unicode_ci DEFAULT NULL,
  `lastname` varchar(50) COLLATE utf8_unicode_ci DEFAULT NULL,
  `email` varchar(120) COLLATE utf8_unicode_ci DEFAULT NULL,
  `phone` bigint(20) DEFAULT NULL,
  PRIMARY KEY (`id`),
  UNIQUE KEY `email` (`email`),
  UNIQUE KEY `phone` (`phone`),
  KEY `users_phone_idx` (`phone`),
  KEY `users_lastname_users_firstname_idx_idx` (`lastname`,`firstname`)
) ENGINE=InnoDB AUTO_INCREMENT=401 DEFAULT CHARSET=utf8 COLLATE=utf8_unicode_ci;

INSERT INTO `users` (`id`, `firstname`, `lastname`, `email`, `phone`) VALUES ('201', 'Harmony', 'Abernathy', 'sgutmann@example.net', '7577464594');
INSERT INTO `users` (`id`, `firstname`, `lastname`, `email`, `phone`) VALUES ('202', 'Anastacio', 'Schmidt', 'bgoyette@example.org', '0');
INSERT INTO `users` (`id`, `firstname`, `lastname`, `email`, `phone`) VALUES ('203', 'Kelton', 'Gibson', 'bahringer.alexandria@example.org', '424046');
INSERT INTO `users` (`id`, `firstname`, `lastname`, `email`, `phone`) VALUES ('204', 'Vella', 'Greenfelder', 'kasey.reynolds@example.org', '370');
INSERT INTO `users` (`id`, `firstname`, `lastname`, `email`, `phone`) VALUES ('205', 'Roberto', 'Mann', 'marc73@example.org', '193');
INSERT INTO `users` (`id`, `firstname`, `lastname`, `email`, `phone`) VALUES ('207', 'Barbara', 'Baumbach', 'elza.dubuque@example.com', '442489');
INSERT INTO `users` (`id`, `firstname`, `lastname`, `email`, `phone`) VALUES ('208', 'Johnpaul', 'Ledner', 'acorkery@example.org', '779166');
INSERT INTO `users` (`id`, `firstname`, `lastname`, `email`, `phone`) VALUES ('209', 'Willow', 'McCullough', 'dillan24@example.net', '517320');
INSERT INTO `users` (`id`, `firstname`, `lastname`, `email`, `phone`) VALUES ('210', 'Ryleigh', 'Pfannerstill', 'eileen.flatley@example.com', '1');
INSERT INTO `users` (`id`, `firstname`, `lastname`, `email`, `phone`) VALUES ('212', 'Kaya', 'Parisian', 'jcartwright@example.org', '392098');
INSERT INTO `users` (`id`, `firstname`, `lastname`, `email`, `phone`) VALUES ('214', 'Maxwell', 'Oberbrunner', 'brenden02@example.com', '243837');
INSERT INTO `users` (`id`, `firstname`, `lastname`, `email`, `phone`) VALUES ('215', 'Lorenza', 'Greenfelder', 'kertzmann.zakary@example.net', '65917');
INSERT INTO `users` (`id`, `firstname`, `lastname`, `email`, `phone`) VALUES ('218', 'Mitchel', 'Steuber', 'erdman.lafayette@example.org', '4433972059');
INSERT INTO `users` (`id`, `firstname`, `lastname`, `email`, `phone`) VALUES ('219', 'Kenyatta', 'Ferry', 'delpha13@example.net', '4691813964');
INSERT INTO `users` (`id`, `firstname`, `lastname`, `email`, `phone`) VALUES ('221', 'Gia', 'Ruecker', 'dennis.ernser@example.org', '615844');
INSERT INTO `users` (`id`, `firstname`, `lastname`, `email`, `phone`) VALUES ('223', 'Vallie', 'Schowalter', 'altenwerth.davion@example.com', '953444');
INSERT INTO `users` (`id`, `firstname`, `lastname`, `email`, `phone`) VALUES ('224', 'Jamal', 'Hartmann', 'tara51@example.org', '154');
INSERT INTO `users` (`id`, `firstname`, `lastname`, `email`, `phone`) VALUES ('231', 'Name', 'Hackett', 'bvandervort@example.org', '42');
INSERT INTO `users` (`id`, `firstname`, `lastname`, `email`, `phone`) VALUES ('232', 'Herman', 'Muller', 'bridget76@example.net', '4081192137');
INSERT INTO `users` (`id`, `firstname`, `lastname`, `email`, `phone`) VALUES ('233', 'Christopher', 'Lindgren', 'florian.zboncak@example.net', '871032');
INSERT INTO `users` (`id`, `firstname`, `lastname`, `email`, `phone`) VALUES ('234', 'Layla', 'Metz', 'gbernier@example.net', '43');
INSERT INTO `users` (`id`, `firstname`, `lastname`, `email`, `phone`) VALUES ('237', 'Krystal', 'Crooks', 'xemmerich@example.com', '476');
INSERT INTO `users` (`id`, `firstname`, `lastname`, `email`, `phone`) VALUES ('239', 'Cathy', 'Bauch', 'ernser.michael@example.com', '805362');
INSERT INTO `users` (`id`, `firstname`, `lastname`, `email`, `phone`) VALUES ('240', 'Elissa', 'Swift', 'bharvey@example.com', '8922096843');
INSERT INTO `users` (`id`, `firstname`, `lastname`, `email`, `phone`) VALUES ('242', 'Sophia', 'Koepp', 'yhauck@example.net', '4858647564');
INSERT INTO `users` (`id`, `firstname`, `lastname`, `email`, `phone`) VALUES ('243', 'Triston', 'Osinski', 'cbauch@example.com', '763383');
INSERT INTO `users` (`id`, `firstname`, `lastname`, `email`, `phone`) VALUES ('244', 'Esteban', 'Nitzsche', 'gregory.koelpin@example.com', '1437286003');
INSERT INTO `users` (`id`, `firstname`, `lastname`, `email`, `phone`) VALUES ('249', 'Rubye', 'Lindgren', 'bkonopelski@example.org', '8929190646');
INSERT INTO `users` (`id`, `firstname`, `lastname`, `email`, `phone`) VALUES ('250', 'Chad', 'Konopelski', 'markus16@example.org', '457161');
INSERT INTO `users` (`id`, `firstname`, `lastname`, `email`, `phone`) VALUES ('252', 'Monica', 'Macejkovic', 'eherman@example.com', '634');
INSERT INTO `users` (`id`, `firstname`, `lastname`, `email`, `phone`) VALUES ('255', 'Gillian', 'Murray', 'aturner@example.com', '2978883987');
INSERT INTO `users` (`id`, `firstname`, `lastname`, `email`, `phone`) VALUES ('257', 'Aliyah', 'Vandervort', 'kuhlman.brennon@example.org', '29');
INSERT INTO `users` (`id`, `firstname`, `lastname`, `email`, `phone`) VALUES ('258', 'Karson', 'Balistreri', 'carroll.enid@example.org', '504');
INSERT INTO `users` (`id`, `firstname`, `lastname`, `email`, `phone`) VALUES ('259', 'Shakira', 'Monahan', 'beier.enid@example.com', '9031090067');
INSERT INTO `users` (`id`, `firstname`, `lastname`, `email`, `phone`) VALUES ('261', 'Cristobal', 'Altenwerth', 'nhowell@example.org', '613485');
INSERT INTO `users` (`id`, `firstname`, `lastname`, `email`, `phone`) VALUES ('262', 'Alysson', 'DuBuque', 'yvonne.pfannerstill@example.net', '5332367098');
INSERT INTO `users` (`id`, `firstname`, `lastname`, `email`, `phone`) VALUES ('263', 'Christine', 'Donnelly', 'jbauch@example.com', '859');
INSERT INTO `users` (`id`, `firstname`, `lastname`, `email`, `phone`) VALUES ('265', 'Estevan', 'Nolan', 'braun.keira@example.com', '676');
INSERT INTO `users` (`id`, `firstname`, `lastname`, `email`, `phone`) VALUES ('267', 'Maude', 'Flatley', 'dkling@example.com', '885');
INSERT INTO `users` (`id`, `firstname`, `lastname`, `email`, `phone`) VALUES ('270', 'Elyssa', 'Purdy', 'reese73@example.org', '241466');
INSERT INTO `users` (`id`, `firstname`, `lastname`, `email`, `phone`) VALUES ('272', 'Maybelle', 'Durgan', 'rwill@example.net', '3869713872');
INSERT INTO `users` (`id`, `firstname`, `lastname`, `email`, `phone`) VALUES ('274', 'Abelardo', 'Schinner', 'kilback.laurie@example.com', '45');
INSERT INTO `users` (`id`, `firstname`, `lastname`, `email`, `phone`) VALUES ('275', 'Eusebio', 'Kutch', 'micaela.schmeler@example.org', '271218');
INSERT INTO `users` (`id`, `firstname`, `lastname`, `email`, `phone`) VALUES ('276', 'Felipa', 'Wolff', 'jackson29@example.net', '47');
INSERT INTO `users` (`id`, `firstname`, `lastname`, `email`, `phone`) VALUES ('277', 'Berry', 'Roberts', 'ericka.frami@example.com', '659454');
INSERT INTO `users` (`id`, `firstname`, `lastname`, `email`, `phone`) VALUES ('280', 'Tiara', 'Ward', 'schinner.montana@example.net', '439');
INSERT INTO `users` (`id`, `firstname`, `lastname`, `email`, `phone`) VALUES ('281', 'Guiseppe', 'Koepp', 'garth.sporer@example.net', '6490647813');
INSERT INTO `users` (`id`, `firstname`, `lastname`, `email`, `phone`) VALUES ('282', 'Raymundo', 'Klein', 'ljacobi@example.net', '37');
INSERT INTO `users` (`id`, `firstname`, `lastname`, `email`, `phone`) VALUES ('283', 'Elvie', 'Koepp', 'paxton.connelly@example.com', '596474');
INSERT INTO `users` (`id`, `firstname`, `lastname`, `email`, `phone`) VALUES ('285', 'Carmel', 'Nienow', 'zboncak.cornell@example.net', '694922');
INSERT INTO `users` (`id`, `firstname`, `lastname`, `email`, `phone`) VALUES ('286', 'Jerrell', 'Towne', 'shaina68@example.net', '7706391025');
INSERT INTO `users` (`id`, `firstname`, `lastname`, `email`, `phone`) VALUES ('287', 'Oral', 'Johnson', 'price27@example.com', '6113065163');
INSERT INTO `users` (`id`, `firstname`, `lastname`, `email`, `phone`) VALUES ('290', 'Donnie', 'Parker', 'schmitt.jadyn@example.org', '881');
INSERT INTO `users` (`id`, `firstname`, `lastname`, `email`, `phone`) VALUES ('293', 'Madelynn', 'Bernier', 'kling.tanner@example.net', '581');
INSERT INTO `users` (`id`, `firstname`, `lastname`, `email`, `phone`) VALUES ('297', 'Margarette', 'Reichel', 'mauricio19@example.org', '14344');
INSERT INTO `users` (`id`, `firstname`, `lastname`, `email`, `phone`) VALUES ('299', 'Eusebio', 'Bode', 'hildegard.hudson@example.net', '917');
INSERT INTO `users` (`id`, `firstname`, `lastname`, `email`, `phone`) VALUES ('300', 'Leta', 'Runte', 'mohr.lacey@example.com', '8621560985');
INSERT INTO `users` (`id`, `firstname`, `lastname`, `email`, `phone`) VALUES ('303', 'Nathan', 'Gislason', 'vquigley@example.net', '972');
INSERT INTO `users` (`id`, `firstname`, `lastname`, `email`, `phone`) VALUES ('306', 'Caterina', 'Schneider', 'arch.weimann@example.com', '768328');
INSERT INTO `users` (`id`, `firstname`, `lastname`, `email`, `phone`) VALUES ('307', 'Toney', 'Kirlin', 'foster.smith@example.org', '292128');
INSERT INTO `users` (`id`, `firstname`, `lastname`, `email`, `phone`) VALUES ('308', 'Kobe', 'Pouros', 'marcos.ziemann@example.com', '411');
INSERT INTO `users` (`id`, `firstname`, `lastname`, `email`, `phone`) VALUES ('309', 'Tessie', 'Weber', 'susan06@example.com', '333');
INSERT INTO `users` (`id`, `firstname`, `lastname`, `email`, `phone`) VALUES ('311', 'Sunny', 'Gleichner', 'madie81@example.net', '195');
INSERT INTO `users` (`id`, `firstname`, `lastname`, `email`, `phone`) VALUES ('313', 'Vernie', 'Nienow', 'werner.swaniawski@example.org', '3513141726');
INSERT INTO `users` (`id`, `firstname`, `lastname`, `email`, `phone`) VALUES ('314', 'Margarete', 'Kuhic', 'sebastian64@example.net', '885765');
INSERT INTO `users` (`id`, `firstname`, `lastname`, `email`, `phone`) VALUES ('315', 'Horacio', 'Eichmann', 'xspencer@example.org', '413');
INSERT INTO `users` (`id`, `firstname`, `lastname`, `email`, `phone`) VALUES ('318', 'Kelsie', 'Romaguera', 'smitham.norval@example.net', '180976');
INSERT INTO `users` (`id`, `firstname`, `lastname`, `email`, `phone`) VALUES ('319', 'Stan', 'McClure', 'bartell.tracey@example.org', '303');
INSERT INTO `users` (`id`, `firstname`, `lastname`, `email`, `phone`) VALUES ('320', 'Rhiannon', 'Reynolds', 'rcollins@example.com', '188');
INSERT INTO `users` (`id`, `firstname`, `lastname`, `email`, `phone`) VALUES ('322', 'Treva', 'Brekke', 'jacobson.elenor@example.org', '925146');
INSERT INTO `users` (`id`, `firstname`, `lastname`, `email`, `phone`) VALUES ('325', 'Daren', 'Greenfelder', 'barrett88@example.com', '9');
INSERT INTO `users` (`id`, `firstname`, `lastname`, `email`, `phone`) VALUES ('327', 'Faustino', 'Medhurst', 'lon.braun@example.net', '529');
INSERT INTO `users` (`id`, `firstname`, `lastname`, `email`, `phone`) VALUES ('328', 'Declan', 'Deckow', 'egrant@example.net', '828');
INSERT INTO `users` (`id`, `firstname`, `lastname`, `email`, `phone`) VALUES ('332', 'Marshall', 'Kautzer', 'mylene69@example.org', '28');
INSERT INTO `users` (`id`, `firstname`, `lastname`, `email`, `phone`) VALUES ('333', 'Cornelius', 'Cummerata', 'kasandra17@example.com', '6694371106');
INSERT INTO `users` (`id`, `firstname`, `lastname`, `email`, `phone`) VALUES ('334', 'Mortimer', 'Greenfelder', 'greenfelder.abdul@example.com', '887976262');
INSERT INTO `users` (`id`, `firstname`, `lastname`, `email`, `phone`) VALUES ('337', 'Oda', 'Koss', 'grayson06@example.com', '1234469019');
INSERT INTO `users` (`id`, `firstname`, `lastname`, `email`, `phone`) VALUES ('339', 'Lurline', 'Kunde', 'roob.gennaro@example.org', '107894');
INSERT INTO `users` (`id`, `firstname`, `lastname`, `email`, `phone`) VALUES ('340', 'Eliza', 'O\'Kon', 'sheila.o\'connell@example.org', '540');
INSERT INTO `users` (`id`, `firstname`, `lastname`, `email`, `phone`) VALUES ('341', 'Marvin', 'Casper', 'holly80@example.org', '707176');
INSERT INTO `users` (`id`, `firstname`, `lastname`, `email`, `phone`) VALUES ('343', 'Theo', 'Rolfson', 'tess.cormier@example.org', '276');
INSERT INTO `users` (`id`, `firstname`, `lastname`, `email`, `phone`) VALUES ('344', 'Orville', 'Wisozk', 'davis.leola@example.net', '1274519409');
INSERT INTO `users` (`id`, `firstname`, `lastname`, `email`, `phone`) VALUES ('345', 'Zita', 'Terry', 'dritchie@example.com', '69');
INSERT INTO `users` (`id`, `firstname`, `lastname`, `email`, `phone`) VALUES ('347', 'Lukas', 'Tromp', 'gracie28@example.net', '955');
INSERT INTO `users` (`id`, `firstname`, `lastname`, `email`, `phone`) VALUES ('348', 'Emmalee', 'Bernhard', 'theo.price@example.net', '26');
INSERT INTO `users` (`id`, `firstname`, `lastname`, `email`, `phone`) VALUES ('349', 'Otilia', 'Schiller', 'phoebe26@example.com', '71');
INSERT INTO `users` (`id`, `firstname`, `lastname`, `email`, `phone`) VALUES ('350', 'Miles', 'Oberbrunner', 'eichmann.cornell@example.com', '363');
INSERT INTO `users` (`id`, `firstname`, `lastname`, `email`, `phone`) VALUES ('351', 'Freddy', 'Langosh', 'adam.feest@example.net', '6202683400');
INSERT INTO `users` (`id`, `firstname`, `lastname`, `email`, `phone`) VALUES ('356', 'Gonzalo', 'Moore', 'zack84@example.org', '78');
INSERT INTO `users` (`id`, `firstname`, `lastname`, `email`, `phone`) VALUES ('357', 'Sid', 'Moore', 'crooks.cooper@example.com', '95759');
INSERT INTO `users` (`id`, `firstname`, `lastname`, `email`, `phone`) VALUES ('358', 'Kathlyn', 'Johnston', 'kenton.kihn@example.net', '2796716485');
INSERT INTO `users` (`id`, `firstname`, `lastname`, `email`, `phone`) VALUES ('360', 'Marion', 'Labadie', 'garmstrong@example.net', '735403990');
INSERT INTO `users` (`id`, `firstname`, `lastname`, `email`, `phone`) VALUES ('361', 'Polly', 'Marks', 'barney.lehner@example.org', '7262');
INSERT INTO `users` (`id`, `firstname`, `lastname`, `email`, `phone`) VALUES ('362', 'Maximillia', 'Vandervort', 'rowe.kyla@example.org', '110159');
INSERT INTO `users` (`id`, `firstname`, `lastname`, `email`, `phone`) VALUES ('364', 'Arvid', 'McCullough', 'nader.wayne@example.com', '2296343121');
INSERT INTO `users` (`id`, `firstname`, `lastname`, `email`, `phone`) VALUES ('368', 'Chelsie', 'Gerhold', 'olaf32@example.org', '96');
INSERT INTO `users` (`id`, `firstname`, `lastname`, `email`, `phone`) VALUES ('370', 'Emmanuelle', 'Fisher', 'kuhic.oscar@example.com', '41033');
INSERT INTO `users` (`id`, `firstname`, `lastname`, `email`, `phone`) VALUES ('371', 'Imogene', 'Okuneva', 'ubauch@example.com', '773261');
INSERT INTO `users` (`id`, `firstname`, `lastname`, `email`, `phone`) VALUES ('373', 'Cordia', 'Stanton', 'kkrajcik@example.org', '203');
INSERT INTO `users` (`id`, `firstname`, `lastname`, `email`, `phone`) VALUES ('375', 'Amiya', 'Dicki', 'cabernathy@example.net', '6466396528');
INSERT INTO `users` (`id`, `firstname`, `lastname`, `email`, `phone`) VALUES ('376', 'Casimir', 'Kemmer', 'kira.reichert@example.net', '97');
INSERT INTO `users` (`id`, `firstname`, `lastname`, `email`, `phone`) VALUES ('377', 'Ubaldo', 'Borer', 'rafael.okuneva@example.org', '830');
INSERT INTO `users` (`id`, `firstname`, `lastname`, `email`, `phone`) VALUES ('379', 'Kira', 'King', 'emarquardt@example.com', '636744');
INSERT INTO `users` (`id`, `firstname`, `lastname`, `email`, `phone`) VALUES ('381', 'Kirk', 'Padberg', 'durgan.selmer@example.net', '432');
INSERT INTO `users` (`id`, `firstname`, `lastname`, `email`, `phone`) VALUES ('384', 'Nicola', 'Block', 'zrussel@example.com', '846');
INSERT INTO `users` (`id`, `firstname`, `lastname`, `email`, `phone`) VALUES ('385', 'Travon', 'Monahan', 'eldon25@example.com', '957');
INSERT INTO `users` (`id`, `firstname`, `lastname`, `email`, `phone`) VALUES ('386', 'Kaylin', 'Abshire', 'enrico33@example.net', '757');
INSERT INTO `users` (`id`, `firstname`, `lastname`, `email`, `phone`) VALUES ('388', 'Carolyne', 'Kohler', 'hpacocha@example.net', '980536');
INSERT INTO `users` (`id`, `firstname`, `lastname`, `email`, `phone`) VALUES ('390', 'Estrella', 'Nicolas', 'johnston.eli@example.org', '9363268495');
INSERT INTO `users` (`id`, `firstname`, `lastname`, `email`, `phone`) VALUES ('391', 'Idell', 'Rowe', 'stacey32@example.com', '2452524141');
INSERT INTO `users` (`id`, `firstname`, `lastname`, `email`, `phone`) VALUES ('394', 'Bernardo', 'Nienow', 'annamae08@example.org', '865250');
INSERT INTO `users` (`id`, `firstname`, `lastname`, `email`, `phone`) VALUES ('395', 'Magdalen', 'Krajcik', 'antwan.rosenbaum@example.com', '113');
INSERT INTO `users` (`id`, `firstname`, `lastname`, `email`, `phone`) VALUES ('396', 'Virgil', 'Mante', 'smitham.lelia@example.net', '346334');
INSERT INTO `users` (`id`, `firstname`, `lastname`, `email`, `phone`) VALUES ('398', 'Twila', 'Block', 'marjolaine83@example.com', '269');
INSERT INTO `users` (`id`, `firstname`, `lastname`, `email`, `phone`) VALUES ('400', 'Lola', 'Bayer', 'nathanael.lynch@example.com', '81495');


#
# TABLE STRUCTURE FOR: messages
#

DROP TABLE IF EXISTS `messages`;

CREATE TABLE `messages` (
  `id` bigint(20) unsigned NOT NULL AUTO_INCREMENT,
  `from_user_id` bigint(20) unsigned NOT NULL,
  `to_user_id` bigint(20) unsigned NOT NULL,
  `body` text COLLATE utf8_unicode_ci DEFAULT NULL,
  `created_at` datetime DEFAULT current_timestamp(),
  PRIMARY KEY (`id`),
  KEY `messages_from_user_id` (`from_user_id`),
  KEY `messages_to_user_id` (`to_user_id`),
  CONSTRAINT `messages_ibfk_1` FOREIGN KEY (`from_user_id`) REFERENCES `users` (`id`),
  CONSTRAINT `messages_ibfk_2` FOREIGN KEY (`to_user_id`) REFERENCES `users` (`id`)
) ENGINE=InnoDB AUTO_INCREMENT=101 DEFAULT CHARSET=utf8 COLLATE=utf8_unicode_ci;

INSERT INTO `messages` (`id`, `from_user_id`, `to_user_id`, `body`, `created_at`) VALUES ('1', '201', '201', 'Ut facilis accusantium voluptate commodi. Aliquam tempora rerum asperiores dolorum. Delectus sed distinctio eum quasi labore nam esse.', '2000-11-12 10:33:36');
INSERT INTO `messages` (`id`, `from_user_id`, `to_user_id`, `body`, `created_at`) VALUES ('2', '202', '202', 'Doloremque aut fugiat illo molestiae voluptate id. Voluptatem libero sequi quae occaecati at. Error illo sed ipsa et id ut.', '2013-02-03 07:37:25');
INSERT INTO `messages` (`id`, `from_user_id`, `to_user_id`, `body`, `created_at`) VALUES ('3', '203', '203', 'Unde qui eum nihil quia iste. Maiores est ad modi accusamus. Dolores qui facilis enim.', '2012-06-23 22:01:34');
INSERT INTO `messages` (`id`, `from_user_id`, `to_user_id`, `body`, `created_at`) VALUES ('4', '204', '204', 'Temporibus ea quidem nam eos vero exercitationem odio. Dolore minus tenetur earum deleniti enim. Ipsa recusandae non est explicabo id debitis eius. Dolorum quia voluptatem laborum et eveniet pariatur laborum.', '1973-05-04 13:45:52');
INSERT INTO `messages` (`id`, `from_user_id`, `to_user_id`, `body`, `created_at`) VALUES ('5', '205', '205', 'Vel et dignissimos optio optio. Harum porro beatae voluptatem dolorum. Facilis esse eum enim aspernatur.', '2012-12-19 01:39:14');
INSERT INTO `messages` (`id`, `from_user_id`, `to_user_id`, `body`, `created_at`) VALUES ('6', '207', '207', 'Nulla aut cum perferendis quis quas at. Iure quod voluptas qui nemo vero. Repellat dignissimos accusantium repellendus.', '1985-06-20 12:43:28');
INSERT INTO `messages` (`id`, `from_user_id`, `to_user_id`, `body`, `created_at`) VALUES ('7', '208', '208', 'Neque quis iste architecto voluptatem beatae. Dolor ratione similique amet dolorum. Maxime aperiam eum reprehenderit nulla blanditiis. Cumque ut et voluptas sequi quod expedita autem.', '2018-01-27 02:32:21');
INSERT INTO `messages` (`id`, `from_user_id`, `to_user_id`, `body`, `created_at`) VALUES ('8', '209', '209', 'Labore sit eum sed dolores nemo eveniet fuga. Amet sit fugiat provident et earum molestiae. Iste deleniti et atque voluptates. Sequi reiciendis perferendis voluptas similique sequi id.', '2001-05-28 18:22:16');
INSERT INTO `messages` (`id`, `from_user_id`, `to_user_id`, `body`, `created_at`) VALUES ('9', '210', '210', 'Molestias debitis voluptatem nam dolor cumque ut. Fugit illum vel dignissimos atque saepe nihil doloribus. Beatae aut et est vel atque est. Commodi quibusdam nam totam qui vel maiores quibusdam.', '2011-02-25 16:49:46');
INSERT INTO `messages` (`id`, `from_user_id`, `to_user_id`, `body`, `created_at`) VALUES ('10', '212', '212', 'Voluptatem beatae qui officia magni fugit. Suscipit tenetur a et ipsam eum eum beatae. Rem perspiciatis eius atque debitis tempore perferendis.', '2001-01-30 02:41:38');
INSERT INTO `messages` (`id`, `from_user_id`, `to_user_id`, `body`, `created_at`) VALUES ('11', '214', '214', 'Suscipit sed omnis pariatur quae quasi eius. Quia eos molestias sed doloremque id. Omnis voluptas reiciendis perspiciatis qui tempora itaque.', '1994-02-15 07:33:32');
INSERT INTO `messages` (`id`, `from_user_id`, `to_user_id`, `body`, `created_at`) VALUES ('12', '215', '215', 'Et maiores reiciendis placeat sapiente. Rerum et sit neque dolorum. Ex nemo amet praesentium. Animi eum sit est et eos neque eum.', '1970-02-08 20:27:10');
INSERT INTO `messages` (`id`, `from_user_id`, `to_user_id`, `body`, `created_at`) VALUES ('13', '218', '218', 'Tempore et ut voluptas et dolorum error iusto vero. Ut amet expedita molestiae. Blanditiis nulla et eius aperiam.', '1992-09-29 11:17:00');
INSERT INTO `messages` (`id`, `from_user_id`, `to_user_id`, `body`, `created_at`) VALUES ('14', '219', '219', 'Non qui sit illum ea laboriosam excepturi impedit. Ad ex libero laboriosam nihil autem voluptas. Aut molestiae minima ullam quos consequatur.', '1987-08-02 04:37:13');
INSERT INTO `messages` (`id`, `from_user_id`, `to_user_id`, `body`, `created_at`) VALUES ('15', '221', '221', 'Sint modi beatae quod consequatur et laborum accusamus. Quidem qui laborum consequatur hic. Mollitia sit quibusdam dolores neque voluptatum. Consequatur perspiciatis dolorum quis deleniti.', '1985-11-20 02:38:23');
INSERT INTO `messages` (`id`, `from_user_id`, `to_user_id`, `body`, `created_at`) VALUES ('16', '223', '223', 'Nihil architecto laudantium libero minima vitae. Commodi fugiat quis vel. Ut veritatis ad reprehenderit reprehenderit.', '1997-06-16 15:10:07');
INSERT INTO `messages` (`id`, `from_user_id`, `to_user_id`, `body`, `created_at`) VALUES ('17', '224', '224', 'Quia magnam ipsa est ullam distinctio molestias. Doloribus id et et maiores suscipit qui deserunt. Tenetur sit dolor deleniti omnis accusantium non eos.', '1970-03-25 08:15:53');
INSERT INTO `messages` (`id`, `from_user_id`, `to_user_id`, `body`, `created_at`) VALUES ('18', '231', '231', 'Facilis quia rerum quae tempora. Sunt enim et qui voluptatem. Iste sit deleniti culpa.', '1977-09-28 22:26:14');
INSERT INTO `messages` (`id`, `from_user_id`, `to_user_id`, `body`, `created_at`) VALUES ('19', '232', '232', 'Quam sit sed vero quis consequuntur. Sequi at quia atque repellendus mollitia aut. Vero qui accusantium magnam ut. In unde et eos unde.', '1987-07-06 19:47:19');
INSERT INTO `messages` (`id`, `from_user_id`, `to_user_id`, `body`, `created_at`) VALUES ('20', '233', '233', 'Cumque quos ut velit cumque quaerat numquam sapiente. Assumenda porro quia quam impedit fugiat omnis dicta. Sapiente aut expedita id sit.', '1977-12-20 02:21:40');
INSERT INTO `messages` (`id`, `from_user_id`, `to_user_id`, `body`, `created_at`) VALUES ('21', '234', '234', 'Molestiae fugit debitis officiis ex nemo dolorem repellendus. Fugiat quibusdam ex et inventore dicta vel qui. Beatae quia rerum quod. Et tempora quis minus illum. Voluptatem rem autem voluptatem doloribus tempora dolorum accusamus.', '2004-08-16 18:15:07');
INSERT INTO `messages` (`id`, `from_user_id`, `to_user_id`, `body`, `created_at`) VALUES ('22', '237', '237', 'Corporis vel ea ut tempore temporibus aliquam soluta. Et rem nam amet modi. Eos et qui omnis similique voluptatem id. Exercitationem et iste accusantium ex quia maxime optio.', '1971-08-12 18:17:23');
INSERT INTO `messages` (`id`, `from_user_id`, `to_user_id`, `body`, `created_at`) VALUES ('23', '239', '239', 'Exercitationem alias error voluptas. Ullam voluptatem vitae blanditiis mollitia nisi. Ratione distinctio repellat qui et sint officia.', '2008-07-22 13:14:17');
INSERT INTO `messages` (`id`, `from_user_id`, `to_user_id`, `body`, `created_at`) VALUES ('24', '240', '240', 'Sed necessitatibus animi temporibus id. Officiis est qui esse asperiores eveniet eligendi non. Facilis sit nostrum vero voluptatibus et ut alias.', '2001-12-13 02:50:11');
INSERT INTO `messages` (`id`, `from_user_id`, `to_user_id`, `body`, `created_at`) VALUES ('25', '242', '242', 'Quis laboriosam et sint aut vel iure aut impedit. Dolores qui molestias molestiae. Ullam nihil laudantium et ut omnis ea eos qui.', '2002-11-21 17:12:41');
INSERT INTO `messages` (`id`, `from_user_id`, `to_user_id`, `body`, `created_at`) VALUES ('26', '243', '243', 'Sed magni voluptatum in dicta rerum. Sint qui quas voluptatem natus. Et ea distinctio nihil iste sint. Reprehenderit aliquam ad illum tempore autem.', '1996-07-03 19:46:45');
INSERT INTO `messages` (`id`, `from_user_id`, `to_user_id`, `body`, `created_at`) VALUES ('27', '244', '244', 'Porro voluptatem pariatur ipsum eveniet accusamus praesentium qui commodi. Ex et praesentium voluptatum atque. Praesentium at laboriosam non dolorem ratione voluptatibus et rerum. Aut excepturi suscipit quisquam ipsum fugit.', '1977-12-28 17:40:52');
INSERT INTO `messages` (`id`, `from_user_id`, `to_user_id`, `body`, `created_at`) VALUES ('28', '249', '249', 'Dolorem et sed mollitia rerum. Est est error dolorum et vero. Quaerat architecto enim occaecati possimus nobis repellat et iusto. Tenetur consequatur eum aliquam qui quod laboriosam voluptatem.', '1986-02-09 11:05:36');
INSERT INTO `messages` (`id`, `from_user_id`, `to_user_id`, `body`, `created_at`) VALUES ('29', '250', '250', 'Et et eos eos omnis aliquid. Beatae velit quis sapiente alias sint. Culpa deleniti temporibus natus.', '1994-12-01 11:29:53');
INSERT INTO `messages` (`id`, `from_user_id`, `to_user_id`, `body`, `created_at`) VALUES ('30', '252', '252', 'Qui consequatur voluptatem libero magnam ipsa. Eveniet quibusdam tempora quia perferendis soluta vel. Voluptatem accusantium est dolorem quibusdam corrupti aut.', '1982-10-11 04:47:29');
INSERT INTO `messages` (`id`, `from_user_id`, `to_user_id`, `body`, `created_at`) VALUES ('31', '255', '255', 'Accusamus officia voluptatem fuga ut quia. Maiores dolor qui sit nemo. Minima est asperiores iusto dicta veniam harum molestiae nobis.', '1992-05-18 08:47:56');
INSERT INTO `messages` (`id`, `from_user_id`, `to_user_id`, `body`, `created_at`) VALUES ('32', '257', '257', 'Velit aliquid cumque suscipit laborum. Mollitia adipisci quia eum cupiditate. Saepe nihil assumenda beatae doloribus corrupti aut.', '2016-11-19 03:43:11');
INSERT INTO `messages` (`id`, `from_user_id`, `to_user_id`, `body`, `created_at`) VALUES ('33', '258', '258', 'Amet repellendus vitae atque vel nihil voluptatem sapiente. Error quam eligendi recusandae ad.', '1997-07-14 04:07:10');
INSERT INTO `messages` (`id`, `from_user_id`, `to_user_id`, `body`, `created_at`) VALUES ('34', '259', '259', 'Et modi rerum occaecati pariatur voluptatem. Eos quia saepe exercitationem eos. Aperiam ut assumenda voluptas eum nihil enim. Quas voluptas quo qui.', '2016-07-26 15:11:34');
INSERT INTO `messages` (`id`, `from_user_id`, `to_user_id`, `body`, `created_at`) VALUES ('35', '261', '261', 'Aut ipsa asperiores qui. Expedita aut qui officiis perspiciatis deserunt eos rerum. Accusantium cum corporis et molestias quia omnis. Corrupti corrupti eaque aut deleniti hic.', '2010-04-10 11:36:55');
INSERT INTO `messages` (`id`, `from_user_id`, `to_user_id`, `body`, `created_at`) VALUES ('36', '262', '262', 'Qui aut non harum provident nemo reiciendis. Voluptas et quas eius neque voluptatem ut et voluptatem. Exercitationem error autem et et et eum aut sapiente.', '2007-07-21 08:33:24');
INSERT INTO `messages` (`id`, `from_user_id`, `to_user_id`, `body`, `created_at`) VALUES ('37', '263', '263', 'Amet qui soluta neque architecto enim sed. Magni beatae occaecati doloremque aut. Odio eius voluptatem cum saepe nemo. Odio et sequi et excepturi incidunt sint quo.', '1996-05-14 07:09:51');
INSERT INTO `messages` (`id`, `from_user_id`, `to_user_id`, `body`, `created_at`) VALUES ('38', '265', '265', 'Et voluptatem eum quia facere quod aperiam est. Voluptates ut voluptatum ad voluptas eos. Placeat nam sunt ut non sed.', '2007-12-01 05:02:48');
INSERT INTO `messages` (`id`, `from_user_id`, `to_user_id`, `body`, `created_at`) VALUES ('39', '267', '267', 'Enim est laudantium nobis modi adipisci ipsum. In odit fuga et aliquid iure sit. Quae est nobis nemo eligendi nesciunt minus veritatis.', '2007-03-28 09:22:55');
INSERT INTO `messages` (`id`, `from_user_id`, `to_user_id`, `body`, `created_at`) VALUES ('40', '270', '270', 'Neque tenetur vitae et ut incidunt natus. Occaecati ipsam ratione deserunt reiciendis eaque enim qui sunt. Et autem autem qui iste fugiat.', '2012-10-03 19:10:22');
INSERT INTO `messages` (`id`, `from_user_id`, `to_user_id`, `body`, `created_at`) VALUES ('41', '272', '272', 'Nesciunt exercitationem rerum sit est aut. Ratione aliquam qui et vel exercitationem. Quia est harum eum voluptas dolore placeat.', '1983-10-07 16:53:57');
INSERT INTO `messages` (`id`, `from_user_id`, `to_user_id`, `body`, `created_at`) VALUES ('42', '274', '274', 'Qui dolor eius nihil non. Reprehenderit accusamus quia animi magni ullam explicabo. Aliquid et quia animi corporis. Quo laudantium aspernatur deserunt ducimus.', '1989-04-13 09:37:55');
INSERT INTO `messages` (`id`, `from_user_id`, `to_user_id`, `body`, `created_at`) VALUES ('43', '275', '275', 'Voluptates itaque repellat earum odit. Eum ipsam molestiae reprehenderit. Nam et iure expedita quos itaque ut. Fugiat tenetur blanditiis eum rerum expedita natus. Nihil excepturi voluptatem aut dolor veritatis sunt aspernatur.', '2007-12-23 14:34:08');
INSERT INTO `messages` (`id`, `from_user_id`, `to_user_id`, `body`, `created_at`) VALUES ('44', '276', '276', 'Consequatur nesciunt libero incidunt. Ab ipsum amet voluptatem eum consequatur quaerat. Consequatur sunt vero vel esse.', '2014-08-19 15:42:45');
INSERT INTO `messages` (`id`, `from_user_id`, `to_user_id`, `body`, `created_at`) VALUES ('45', '277', '277', 'Qui soluta et porro eius qui. Sit delectus magni alias. Fuga facilis sequi minus ratione inventore quam enim. Et magni nihil quae optio in et consequatur harum.', '2017-12-14 02:34:27');
INSERT INTO `messages` (`id`, `from_user_id`, `to_user_id`, `body`, `created_at`) VALUES ('46', '280', '280', 'Ipsa blanditiis nobis magni ut velit velit saepe. Facilis velit accusantium saepe quibusdam enim molestiae. Saepe nemo nesciunt at sequi.', '1995-10-26 23:44:00');
INSERT INTO `messages` (`id`, `from_user_id`, `to_user_id`, `body`, `created_at`) VALUES ('47', '281', '281', 'Ratione id voluptatem nihil nulla qui occaecati. Ducimus voluptates impedit aut sit ipsum. Voluptatibus quod accusantium itaque occaecati ab consequatur id.', '2002-11-02 01:42:55');
INSERT INTO `messages` (`id`, `from_user_id`, `to_user_id`, `body`, `created_at`) VALUES ('48', '282', '282', 'Ea et consequuntur tempore facere vel. Placeat alias itaque alias. Sed magnam ipsam consequatur sit nesciunt. Vel et et necessitatibus omnis fugit necessitatibus.', '2003-11-24 08:05:45');
INSERT INTO `messages` (`id`, `from_user_id`, `to_user_id`, `body`, `created_at`) VALUES ('49', '283', '283', 'Velit cumque delectus omnis. Eum est architecto accusamus in. Voluptas similique occaecati libero non. Est et at quibusdam perspiciatis sit quasi veritatis.', '1971-12-12 04:29:39');
INSERT INTO `messages` (`id`, `from_user_id`, `to_user_id`, `body`, `created_at`) VALUES ('50', '285', '285', 'Et ut eum saepe mollitia. Mollitia totam magnam corporis rerum qui sunt explicabo. Beatae dicta impedit ipsum cupiditate debitis sed.', '2019-04-13 20:02:43');
INSERT INTO `messages` (`id`, `from_user_id`, `to_user_id`, `body`, `created_at`) VALUES ('51', '286', '286', 'Error et accusantium nihil vel recusandae blanditiis quisquam. Aperiam quis sunt et minima beatae. Et amet et harum ducimus. Esse est vitae molestiae corrupti.', '2003-06-08 13:24:21');
INSERT INTO `messages` (`id`, `from_user_id`, `to_user_id`, `body`, `created_at`) VALUES ('52', '287', '287', 'Tempore veniam accusamus id aliquam eveniet veritatis. Sint culpa hic eligendi pariatur. Omnis voluptatem sed omnis harum quaerat ad. Impedit quia veritatis sed fuga fugiat.', '2018-05-11 16:13:22');
INSERT INTO `messages` (`id`, `from_user_id`, `to_user_id`, `body`, `created_at`) VALUES ('53', '290', '290', 'Ea et nobis fuga at consequuntur inventore. Beatae suscipit consequatur error commodi qui quis amet iusto. Porro aliquam enim aut quae. Alias mollitia non velit rem.', '1975-03-22 21:23:31');
INSERT INTO `messages` (`id`, `from_user_id`, `to_user_id`, `body`, `created_at`) VALUES ('54', '293', '293', 'Quia expedita nesciunt sint quis. Velit ipsum sapiente pariatur dolorem omnis sequi quisquam. Quaerat commodi perspiciatis et aperiam.', '1983-09-05 17:42:56');
INSERT INTO `messages` (`id`, `from_user_id`, `to_user_id`, `body`, `created_at`) VALUES ('55', '297', '297', 'Autem architecto dolorum consequatur provident facere. Dolore animi porro ratione non. Molestiae consequatur quia esse excepturi deleniti sed aliquam sed. Cum nemo qui hic dolorem vitae.', '2017-12-09 00:58:05');
INSERT INTO `messages` (`id`, `from_user_id`, `to_user_id`, `body`, `created_at`) VALUES ('56', '299', '299', 'Iste aliquam quod ut excepturi quasi qui assumenda autem. Ab reprehenderit eos facere voluptatem quia commodi sapiente. Iusto optio architecto explicabo numquam id dignissimos. Praesentium eligendi doloribus autem ut nostrum soluta.', '1978-10-07 13:30:46');
INSERT INTO `messages` (`id`, `from_user_id`, `to_user_id`, `body`, `created_at`) VALUES ('57', '300', '300', 'Impedit eos alias neque excepturi molestiae ut sunt dolorem. Odio et atque similique dolorem.', '2012-02-29 18:29:18');
INSERT INTO `messages` (`id`, `from_user_id`, `to_user_id`, `body`, `created_at`) VALUES ('58', '303', '303', 'Et vel enim corrupti velit rerum atque. Harum harum illo ullam itaque consequatur quis perspiciatis. Et aliquid et minima voluptatem tenetur sed quia. Ipsum autem asperiores placeat nostrum.', '1984-05-24 21:40:24');
INSERT INTO `messages` (`id`, `from_user_id`, `to_user_id`, `body`, `created_at`) VALUES ('59', '306', '306', 'Quidem rerum et aliquid quae. Qui delectus dolorem in molestiae. Aut consequatur optio dolorem. Dolore et rerum id voluptate qui.', '2001-10-23 15:02:25');
INSERT INTO `messages` (`id`, `from_user_id`, `to_user_id`, `body`, `created_at`) VALUES ('60', '307', '307', 'Est ipsum magni est provident tempore voluptas. A perspiciatis et rerum occaecati modi consequuntur.', '1993-12-18 22:25:04');
INSERT INTO `messages` (`id`, `from_user_id`, `to_user_id`, `body`, `created_at`) VALUES ('61', '308', '308', 'Error cupiditate dolorem reprehenderit nobis sed at. Deserunt sit unde alias. Ea occaecati repudiandae dignissimos maxime accusamus pariatur ad. Quis beatae enim ipsum et eligendi voluptas tempora.', '1973-04-10 11:41:09');
INSERT INTO `messages` (`id`, `from_user_id`, `to_user_id`, `body`, `created_at`) VALUES ('62', '309', '309', 'Quod voluptas fugit dolorem at molestias quo. Nostrum ex non facere id ut minima. Ratione pariatur consequatur maxime eveniet.', '2008-02-24 01:27:28');
INSERT INTO `messages` (`id`, `from_user_id`, `to_user_id`, `body`, `created_at`) VALUES ('63', '311', '311', 'Repudiandae et consequatur et dolores qui. Perferendis reprehenderit non veritatis. Et eum id eos ratione quo sint.', '1994-09-09 03:17:23');
INSERT INTO `messages` (`id`, `from_user_id`, `to_user_id`, `body`, `created_at`) VALUES ('64', '313', '313', 'Sunt consequatur voluptates et praesentium ullam non modi. Eos id consequatur et magni. Delectus corporis asperiores adipisci id eum praesentium voluptas.', '2015-09-30 01:27:11');
INSERT INTO `messages` (`id`, `from_user_id`, `to_user_id`, `body`, `created_at`) VALUES ('65', '314', '314', 'Eaque sed est porro placeat rerum fuga officia. Officia officiis debitis quos cumque. Veniam error ut et odio quasi iure est optio. Illum ad nesciunt tenetur ipsum eos ut deserunt at.', '1977-03-30 23:05:01');
INSERT INTO `messages` (`id`, `from_user_id`, `to_user_id`, `body`, `created_at`) VALUES ('66', '315', '315', 'Ea sequi exercitationem minus numquam aut nemo sapiente cumque. Id aut eos dolores atque. Et et et pariatur amet dolores.', '2020-01-11 21:18:35');
INSERT INTO `messages` (`id`, `from_user_id`, `to_user_id`, `body`, `created_at`) VALUES ('67', '318', '318', 'Consequuntur animi qui quis ex et. Reprehenderit corporis est non quidem iure. Amet ab voluptas voluptas adipisci. Voluptatem est fugit aut et incidunt.', '1994-04-26 22:09:39');
INSERT INTO `messages` (`id`, `from_user_id`, `to_user_id`, `body`, `created_at`) VALUES ('68', '319', '319', 'Nemo debitis explicabo aperiam est dolores in assumenda. Aut aliquid ab incidunt perspiciatis sint quae. Ex qui eum natus culpa. Aut temporibus ducimus nisi sed sint ducimus voluptatum.', '2019-03-01 07:22:38');
INSERT INTO `messages` (`id`, `from_user_id`, `to_user_id`, `body`, `created_at`) VALUES ('69', '320', '320', 'Quo eum sit eligendi nam repellat. Ipsa temporibus consequatur vitae doloribus. Beatae qui explicabo libero id. Debitis dolores autem vel ullam omnis enim.', '1978-11-01 07:50:41');
INSERT INTO `messages` (`id`, `from_user_id`, `to_user_id`, `body`, `created_at`) VALUES ('70', '322', '322', 'Ducimus aliquid aut molestiae est. Tempora laboriosam beatae autem qui dolorem nobis qui. Quasi nihil reiciendis maiores porro autem nostrum. Voluptates a qui dolores et iure est assumenda.', '2017-04-08 22:25:04');
INSERT INTO `messages` (`id`, `from_user_id`, `to_user_id`, `body`, `created_at`) VALUES ('71', '325', '325', 'Nesciunt quisquam sapiente ex quae. Dolor et quia dolores deleniti voluptatem labore neque. Aut consectetur ut totam laborum autem aliquam perspiciatis. Mollitia sed sint officia et. Recusandae perferendis et explicabo et veritatis et pariatur.', '2006-12-13 04:17:43');
INSERT INTO `messages` (`id`, `from_user_id`, `to_user_id`, `body`, `created_at`) VALUES ('72', '327', '327', 'Cumque dolor quo molestias consequuntur inventore. Officiis temporibus eligendi omnis aut. Sed voluptatum odit et delectus explicabo accusantium accusantium ipsum. Alias voluptatem dolor impedit nobis et.', '1982-10-25 12:47:14');
INSERT INTO `messages` (`id`, `from_user_id`, `to_user_id`, `body`, `created_at`) VALUES ('73', '328', '328', 'Iste itaque odit nobis quo rerum voluptas occaecati. Eaque quia impedit quis voluptatem iusto recusandae. Nostrum labore excepturi quis nisi.', '1981-03-12 20:54:37');
INSERT INTO `messages` (`id`, `from_user_id`, `to_user_id`, `body`, `created_at`) VALUES ('74', '332', '332', 'Consectetur cum alias cupiditate corrupti similique distinctio. Et vero quibusdam velit ea incidunt voluptates. Exercitationem aspernatur eum facere error mollitia est.', '1971-08-01 20:03:58');
INSERT INTO `messages` (`id`, `from_user_id`, `to_user_id`, `body`, `created_at`) VALUES ('75', '333', '333', 'Vero consequuntur eum laudantium natus. Est et quia ipsa delectus ad nostrum ipsum. Provident tenetur et reprehenderit eaque enim. Et culpa sint occaecati laborum cumque culpa necessitatibus.', '2018-09-19 11:35:21');
INSERT INTO `messages` (`id`, `from_user_id`, `to_user_id`, `body`, `created_at`) VALUES ('76', '334', '334', 'Ratione quibusdam inventore qui dolor rerum voluptatem aut dolores. Error consequuntur quos a aut eos rerum. Sequi unde harum sit consequatur nulla.', '1999-10-04 16:59:48');
INSERT INTO `messages` (`id`, `from_user_id`, `to_user_id`, `body`, `created_at`) VALUES ('77', '337', '337', 'Excepturi ex cumque eum esse et tempora sed. Nulla sint soluta rerum dolores corrupti ducimus. Mollitia hic nulla veniam quas a deserunt et. Atque ipsa qui enim facere ea laborum necessitatibus.', '2002-07-19 09:08:02');
INSERT INTO `messages` (`id`, `from_user_id`, `to_user_id`, `body`, `created_at`) VALUES ('78', '339', '339', 'Sit eum ut reiciendis quis. Et laudantium necessitatibus molestias ducimus. Cumque blanditiis quaerat odio sed vero nesciunt impedit nesciunt. Quia est optio est sint eius voluptatibus assumenda.', '1999-06-22 15:53:20');
INSERT INTO `messages` (`id`, `from_user_id`, `to_user_id`, `body`, `created_at`) VALUES ('79', '340', '340', 'Voluptatibus vero eos dolore doloremque laborum et nisi. Dignissimos assumenda voluptate et necessitatibus. Et doloribus fugit incidunt commodi voluptatum cum.', '1987-08-05 20:58:18');
INSERT INTO `messages` (`id`, `from_user_id`, `to_user_id`, `body`, `created_at`) VALUES ('80', '341', '341', 'Asperiores quo nostrum ratione dolorum. Pariatur facilis amet est maiores. Reiciendis tempore ut dolores et qui amet accusamus. Praesentium incidunt aut maiores.', '1988-07-19 07:09:20');
INSERT INTO `messages` (`id`, `from_user_id`, `to_user_id`, `body`, `created_at`) VALUES ('81', '343', '343', 'Ipsum fugiat et mollitia enim et cum. Alias molestiae rerum repudiandae ut eaque voluptas consectetur. Non voluptatem officiis alias vel quae pariatur. A aut qui in maxime.', '2002-07-10 03:14:08');
INSERT INTO `messages` (`id`, `from_user_id`, `to_user_id`, `body`, `created_at`) VALUES ('82', '344', '344', 'Natus dolorem sit aut eveniet magnam. Et ut debitis quibusdam modi accusantium. Neque culpa repellendus voluptatem nisi quis saepe cumque est.', '2010-01-09 08:12:38');
INSERT INTO `messages` (`id`, `from_user_id`, `to_user_id`, `body`, `created_at`) VALUES ('83', '345', '345', 'Quidem iure fugiat aperiam autem excepturi. Deleniti eligendi consequatur vero eveniet doloribus voluptate. Et libero aut corporis.', '2001-06-10 15:34:54');
INSERT INTO `messages` (`id`, `from_user_id`, `to_user_id`, `body`, `created_at`) VALUES ('84', '347', '347', 'Hic totam rerum optio illo et quibusdam. Incidunt autem laborum expedita commodi est iure. Quo et molestiae eius quia consequatur consequatur et sapiente. Qui est vero eaque est.', '1979-12-14 11:12:46');
INSERT INTO `messages` (`id`, `from_user_id`, `to_user_id`, `body`, `created_at`) VALUES ('85', '348', '348', 'Recusandae tempora et magni. Ut minus ex harum ducimus fugit. Debitis voluptatem voluptatem ea voluptatem temporibus et praesentium maiores. Vero consectetur sed eos fugiat qui aliquam.', '2014-03-15 20:54:34');
INSERT INTO `messages` (`id`, `from_user_id`, `to_user_id`, `body`, `created_at`) VALUES ('86', '349', '349', 'Molestiae voluptates hic iure quae. Nostrum qui sit reprehenderit et autem est. Non molestiae saepe qui nihil velit consequatur.', '2006-02-03 07:38:02');
INSERT INTO `messages` (`id`, `from_user_id`, `to_user_id`, `body`, `created_at`) VALUES ('87', '350', '350', 'Quos modi sint dolores aut quia mollitia officiis. Et dolor accusamus sint aliquid consectetur omnis. Magni dolore voluptatem assumenda neque ex. Dicta inventore inventore quia voluptatum id porro.', '1983-11-11 11:43:15');
INSERT INTO `messages` (`id`, `from_user_id`, `to_user_id`, `body`, `created_at`) VALUES ('88', '351', '351', 'Ducimus deserunt sint voluptatem quae. Aut voluptas veniam praesentium accusamus. Veniam voluptas voluptatem numquam recusandae voluptas. Natus iure sunt fuga nostrum magnam vel quia.', '2017-08-07 00:31:35');
INSERT INTO `messages` (`id`, `from_user_id`, `to_user_id`, `body`, `created_at`) VALUES ('89', '356', '356', 'Adipisci laborum impedit ut rerum autem quam. Nihil facilis et ab quia non quia incidunt. Veritatis autem quia enim nulla.', '2014-10-10 16:34:09');
INSERT INTO `messages` (`id`, `from_user_id`, `to_user_id`, `body`, `created_at`) VALUES ('90', '357', '357', 'Et molestiae quia cum quia fugit architecto. Incidunt reprehenderit non perferendis animi. Et quibusdam aut repellat ut ratione. Id voluptatem esse reprehenderit occaecati.', '2005-10-21 23:56:25');
INSERT INTO `messages` (`id`, `from_user_id`, `to_user_id`, `body`, `created_at`) VALUES ('91', '358', '358', 'Quia quibusdam aspernatur molestiae excepturi atque consequatur. Et sit et explicabo modi voluptatem cumque. Consequatur pariatur aut at repellat pariatur tempore.', '1974-08-02 14:45:30');
INSERT INTO `messages` (`id`, `from_user_id`, `to_user_id`, `body`, `created_at`) VALUES ('92', '360', '360', 'Similique est pariatur molestiae et a quasi est quam. Fugiat sed reiciendis magnam velit rem quas quia eos. Non quos debitis natus praesentium aut id.', '1973-02-18 13:44:33');
INSERT INTO `messages` (`id`, `from_user_id`, `to_user_id`, `body`, `created_at`) VALUES ('93', '361', '361', 'Est reiciendis non quo et. Et similique laudantium aut et sequi quis. Consequatur accusamus ad voluptatem est sequi. Voluptatum nobis unde omnis velit.', '2005-10-26 09:40:28');
INSERT INTO `messages` (`id`, `from_user_id`, `to_user_id`, `body`, `created_at`) VALUES ('94', '362', '362', 'Itaque aperiam et non sunt iste autem consequatur. Suscipit est ut dignissimos culpa quae. Suscipit laboriosam perferendis dolorum recusandae.', '1999-07-17 19:05:08');
INSERT INTO `messages` (`id`, `from_user_id`, `to_user_id`, `body`, `created_at`) VALUES ('95', '364', '364', 'Accusantium rerum dolores itaque qui nulla quam. Ad omnis perspiciatis delectus nihil consequuntur consequatur adipisci. Ullam tempora et omnis optio a id vel. Commodi quia dolores quia ea.', '2010-06-10 10:19:41');
INSERT INTO `messages` (`id`, `from_user_id`, `to_user_id`, `body`, `created_at`) VALUES ('96', '368', '368', 'Aut cumque exercitationem eos dolor laboriosam velit vel tenetur. Perferendis minima pariatur in pariatur. Eos dolor ea illum sint voluptates minima praesentium. In occaecati velit vitae cum cupiditate nemo.', '1989-04-22 22:20:31');
INSERT INTO `messages` (`id`, `from_user_id`, `to_user_id`, `body`, `created_at`) VALUES ('97', '370', '370', 'Labore repudiandae ab quos voluptate ut voluptatem. Enim nostrum ipsa autem voluptates. Nisi non ut nihil qui qui. Blanditiis quasi ab rerum aut et quasi. Et rerum similique magnam possimus recusandae ut illum perferendis.', '1976-01-01 12:37:26');
INSERT INTO `messages` (`id`, `from_user_id`, `to_user_id`, `body`, `created_at`) VALUES ('98', '371', '371', 'Autem quia sit quia alias. Saepe vero vel assumenda consectetur veniam quo. Eius error iure velit harum illo.', '2003-12-11 20:22:20');
INSERT INTO `messages` (`id`, `from_user_id`, `to_user_id`, `body`, `created_at`) VALUES ('99', '373', '373', 'Quis pariatur non doloremque voluptas voluptatum quis mollitia sit. Exercitationem explicabo ad et qui maxime quo fuga. Autem occaecati voluptas aut voluptatum quia officiis doloremque.', '2003-09-22 09:38:27');
INSERT INTO `messages` (`id`, `from_user_id`, `to_user_id`, `body`, `created_at`) VALUES ('100', '375', '375', 'Facilis iste ipsum voluptatem expedita. Dolor nemo ut debitis est accusamus. Ratione eos neque ab exercitationem tempora aut.', '2008-06-21 18:27:27');

#
# TABLE STRUCTURE FOR: friend_requests
#

DROP TABLE IF EXISTS `friend_requests`;

CREATE TABLE `friend_requests` (
  `initiator_user_id` bigint(20) unsigned NOT NULL,
  `target_user_id` bigint(20) unsigned NOT NULL,
  `status` enum('requested','approved','unfriended','declined') COLLATE utf8_unicode_ci DEFAULT NULL,
  `requested_at` datetime DEFAULT current_timestamp(),
  `confirmed_at` datetime DEFAULT NULL,
  PRIMARY KEY (`initiator_user_id`,`target_user_id`),
  KEY `initiator_user_id` (`initiator_user_id`),
  KEY `target_user_id` (`target_user_id`),
  CONSTRAINT `friend_requests_ibfk_1` FOREIGN KEY (`initiator_user_id`) REFERENCES `users` (`id`),
  CONSTRAINT `friend_requests_ibfk_2` FOREIGN KEY (`target_user_id`) REFERENCES `users` (`id`)
) ENGINE=InnoDB DEFAULT CHARSET=utf8 COLLATE=utf8_unicode_ci;

INSERT INTO `friend_requests` VALUES ('130','551','requested','1981-09-23 14:05:19','1988-12-30 21:21:52'),
('195','532','declined','2006-12-21 10:01:16','1982-11-02 06:24:26'),
('165','552','approved','1999-02-16 06:36:29','1984-03-14 04:49:28'),
('129','719','approved','2020-03-16 10:56:44','2002-12-17 23:41:18'),
('211','540','declined','1995-07-29 10:33:37','1978-05-26 01:53:56'),
('208','680','requested','2008-09-17 16:38:31','1972-02-19 12:33:38'),
('233','744','approved','2016-11-02 15:30:41','2001-03-24 11:19:44'),
('222','571','requested','2017-06-04 04:36:07','1973-12-13 06:14:10'),
('215','738','requested','2015-08-12 16:51:07','2013-07-18 05:52:50'),
('240','466','approved','1989-07-07 19:11:06','1988-03-14 17:52:04'),
('155','747','approved','1983-08-06 19:12:23','1986-09-27 23:21:15'),
('258','722','approved','2018-05-27 01:26:35','1989-10-08 08:24:51'),
('114','793','unfriended','1992-04-23 09:39:50','2002-09-08 19:31:57'),
('136','413','declined','1973-04-25 03:56:58','1986-10-16 09:17:23'),
('164','470','unfriended','1992-02-08 14:36:23','1983-04-25 03:43:17'),
('287','619','declined','2006-08-31 05:20:37','2011-01-25 01:50:10'),
('180','629','approved','1989-08-31 05:14:09','2002-09-08 03:42:34'),
('286','723','requested','1991-07-03 14:00:12','1993-02-02 03:25:36'),
('262','535','declined','1975-10-15 08:53:06','1976-08-10 09:15:09'),
('123','606','unfriended','2013-03-12 20:37:46','1993-08-09 14:59:35'),
('101','609','approved','1982-11-26 05:51:51','1970-08-01 04:58:20'),
('181','454','declined','1992-09-13 21:37:45','1983-03-11 04:55:50'),
('247','714','approved','1987-11-14 17:47:00','1984-06-11 17:46:20'),
('293','704','approved','2012-11-08 17:36:28','2008-07-31 04:45:29'),
('187','561','approved','2005-05-19 09:06:44','1980-03-28 19:38:20'),
('182','764','approved','2000-01-30 13:40:54','1978-07-13 21:39:21'),
('151','786','approved','2019-12-04 21:57:25','1993-10-25 03:32:22'),
('290','498','declined','2008-12-23 03:16:15','1970-01-27 03:43:51'),
('138','531','declined','1990-03-04 08:05:13','1975-03-08 08:03:39'),
('109','641','requested','2003-02-16 20:06:55','1983-05-27 01:27:01'),
('270','528','approved','1979-11-24 17:38:01','1974-06-26 03:30:37'),
('237','597','requested','1991-03-08 04:59:29','1986-11-09 21:08:53'),
('119','591','unfriended','1982-12-02 04:56:33','2007-12-04 01:41:52'),
('196','676','requested','2011-04-22 16:55:26','2003-03-21 18:56:24'),
('162','604','unfriended','1977-06-14 17:13:59','1982-11-13 17:26:41'),
('197','768','requested','2016-08-28 00:00:08','2012-01-03 22:27:26'),
('168','503','declined','2019-05-30 06:32:03','1973-06-07 21:01:38'),
('249','726','unfriended','2006-08-10 23:10:51','1996-02-05 07:41:18'),
('216','584','declined','1970-05-04 04:56:02','1976-04-24 00:22:48'),
('219','665','unfriended','2016-06-27 18:52:54','2011-11-01 18:58:47'),
('276','435','declined','1999-04-13 10:42:05','1979-01-12 01:53:51'),
('236','489','declined','2003-01-23 14:34:26','2006-12-27 06:03:11'),
('220','427','requested','2002-08-28 21:41:38','1971-01-20 00:16:57'),
('111','748','approved','1995-03-11 18:54:07','1988-11-04 15:27:19'),
('275','453','declined','2017-06-20 08:36:02','1993-12-31 10:46:27'),
('184','669','requested','1975-02-18 02:23:00','2005-01-31 01:38:47'),
('185','457','unfriended','2009-10-09 14:36:30','1983-04-23 23:12:48'),
('139','429','declined','1999-01-22 04:25:11','1974-10-08 16:32:51'),
('241','569','declined','2013-06-18 20:48:46','1975-07-13 08:50:47'),
('273','522','declined','1988-12-12 23:30:32','1983-12-18 12:46:55'),
('229','760','declined','2000-12-29 00:55:41','2001-01-14 03:48:42'),
('124','570','declined','2014-09-02 20:43:58','1994-02-22 05:20:50'),
('213','771','approved','2017-10-31 01:23:02','1972-03-31 02:00:50'),
('125','621','requested','2010-02-08 21:21:48','1975-05-30 04:53:42'),
('103','475','requested','1998-02-28 06:35:40','2012-08-10 19:26:41'),
('253','439','approved','2019-02-09 15:39:08','1979-09-22 12:59:16'),
('110','693','requested','2015-07-18 15:29:48','1980-06-16 10:08:09'),
('264','742','declined','1972-11-27 07:03:54','1982-07-13 23:43:11'),
('104','675','unfriended','2017-08-06 08:19:59','1993-04-19 11:26:57'),
('175','565','unfriended','1984-02-01 15:46:41','1995-06-29 05:46:18'),
('221','557','approved','1989-04-25 21:37:06','2008-09-10 02:25:40'),
('201','730','declined','1971-01-18 04:00:07','2007-07-29 21:05:06'),
('239','655','unfriended','2010-10-21 01:26:28','2009-12-09 11:38:17'),
('190','501','unfriended','2016-04-24 17:58:31','1976-07-13 08:47:10'),
('188','432','approved','1986-08-14 13:15:51','1975-12-06 21:03:32'),
('121','631','unfriended','2016-05-18 18:25:47','2005-11-29 05:38:07'),
('278','725','approved','1975-12-01 06:18:59','2005-07-13 09:31:02'),
('300','563','declined','2020-02-21 13:09:26','1979-08-04 21:15:18'),
('150','539','approved','1970-08-09 15:07:04','2004-11-29 23:51:00'),
('148','598','declined','1973-09-13 23:08:01','1978-10-04 23:11:19'),
('172','510','declined','1976-09-05 21:41:34','1989-09-13 11:30:35'),
('212','555','requested','1985-03-25 23:55:39','1978-09-21 04:17:04'),
('128','608','unfriended','2012-05-08 05:05:02','1999-06-02 09:42:13'),
('279','420','approved','2018-07-17 10:42:44','1982-06-03 00:55:06'),
('272','467','unfriended','2017-01-02 16:44:22','1988-05-26 10:39:02'),
('183','651','approved','2007-08-01 10:53:25','1983-03-12 09:33:41'),
('244','568','declined','1999-05-31 22:35:54','1974-09-26 01:36:35'),
('120','541','requested','2007-12-27 13:59:42','2003-08-22 16:31:08'),
('256','634','unfriended','2015-07-08 20:10:19','2012-12-17 13:34:59'),
('122','670','requested','2002-12-01 17:13:53','1998-04-26 01:14:30'),
('228','691','unfriended','2003-05-29 21:19:30','1977-06-28 10:01:22'),
('271','502','declined','1993-10-18 00:13:04','1999-06-13 04:18:41'),
('252','520','requested','2013-11-24 02:16:01','2019-04-14 16:41:32'),
('226','450','requested','2003-02-12 22:33:21','1989-11-27 09:23:25'),
('160','622','requested','1987-03-24 18:59:46','1976-09-17 04:43:55'),
('283','449','approved','1972-04-20 17:40:37','1985-12-28 15:10:37'),
('133','624','requested','1985-05-13 10:17:14','2014-06-14 16:31:38'),
('112','649','approved','2000-02-11 00:58:35','1979-08-30 07:10:58'),
('280','451','requested','1985-06-28 09:55:59','1982-05-26 03:37:53'),
('179','668','declined','1990-10-20 22:18:43','1978-05-04 17:12:56'),
('146','728','declined','2011-02-25 17:24:59','1975-11-26 20:30:58'),
('147','485','unfriended','1995-07-11 00:42:41','1975-02-16 05:29:43'),
('153','536','unfriended','1992-01-23 00:16:55','1973-12-19 13:39:41'),
('289','525','unfriended','2019-03-24 12:22:20','2007-03-12 00:33:02'),
('268','694','requested','1989-09-06 13:55:18','2014-06-19 16:48:30'),
('234','791','requested','1993-09-21 21:39:19','1985-12-08 12:04:08'),
('207','731','declined','1989-05-07 07:07:28','1982-03-04 08:47:29'),
('149','687','approved','2011-09-04 08:51:49','1988-11-19 22:19:03'),
('194','671','approved','1991-04-22 15:26:32','1995-04-19 21:09:42'),
('158','437','unfriended','2000-03-12 10:58:34','2009-08-18 14:33:33'); 

#
# TABLE STRUCTURE FOR: communities
#

DROP TABLE IF EXISTS `communities`;

CREATE TABLE `communities` (
  `id` bigint(20) unsigned NOT NULL AUTO_INCREMENT,
  `name` varchar(150) COLLATE utf8_unicode_ci DEFAULT NULL,
  PRIMARY KEY (`id`),
  KEY `communities_name_idx` (`name`)
) ENGINE=InnoDB AUTO_INCREMENT=101 DEFAULT CHARSET=utf8 COLLATE=utf8_unicode_ci;

INSERT INTO `communities` (`id`, `name`) VALUES ('59', 'ad');
INSERT INTO `communities` (`id`, `name`) VALUES ('23', 'alias');
INSERT INTO `communities` (`id`, `name`) VALUES ('48', 'animi');
INSERT INTO `communities` (`id`, `name`) VALUES ('75', 'aperiam');
INSERT INTO `communities` (`id`, `name`) VALUES ('69', 'asperiores');
INSERT INTO `communities` (`id`, `name`) VALUES ('85', 'asperiores');
INSERT INTO `communities` (`id`, `name`) VALUES ('14', 'atque');
INSERT INTO `communities` (`id`, `name`) VALUES ('25', 'aut');
INSERT INTO `communities` (`id`, `name`) VALUES ('29', 'aut');
INSERT INTO `communities` (`id`, `name`) VALUES ('51', 'aut');
INSERT INTO `communities` (`id`, `name`) VALUES ('17', 'autem');
INSERT INTO `communities` (`id`, `name`) VALUES ('63', 'beatae');
INSERT INTO `communities` (`id`, `name`) VALUES ('22', 'consequatur');
INSERT INTO `communities` (`id`, `name`) VALUES ('49', 'consequatur');
INSERT INTO `communities` (`id`, `name`) VALUES ('31', 'consequuntur');
INSERT INTO `communities` (`id`, `name`) VALUES ('53', 'consequuntur');
INSERT INTO `communities` (`id`, `name`) VALUES ('92', 'culpa');
INSERT INTO `communities` (`id`, `name`) VALUES ('47', 'cum');
INSERT INTO `communities` (`id`, `name`) VALUES ('1', 'cumque');
INSERT INTO `communities` (`id`, `name`) VALUES ('4', 'distinctio');
INSERT INTO `communities` (`id`, `name`) VALUES ('11', 'dolor');
INSERT INTO `communities` (`id`, `name`) VALUES ('39', 'dolor');
INSERT INTO `communities` (`id`, `name`) VALUES ('77', 'dolor');
INSERT INTO `communities` (`id`, `name`) VALUES ('36', 'dolore');
INSERT INTO `communities` (`id`, `name`) VALUES ('19', 'doloremque');
INSERT INTO `communities` (`id`, `name`) VALUES ('70', 'dolores');
INSERT INTO `communities` (`id`, `name`) VALUES ('80', 'dolores');
INSERT INTO `communities` (`id`, `name`) VALUES ('12', 'eius');
INSERT INTO `communities` (`id`, `name`) VALUES ('18', 'eius');
INSERT INTO `communities` (`id`, `name`) VALUES ('46', 'eligendi');
INSERT INTO `communities` (`id`, `name`) VALUES ('55', 'eos');
INSERT INTO `communities` (`id`, `name`) VALUES ('40', 'error');
INSERT INTO `communities` (`id`, `name`) VALUES ('74', 'error');
INSERT INTO `communities` (`id`, `name`) VALUES ('93', 'error');
INSERT INTO `communities` (`id`, `name`) VALUES ('78', 'esse');
INSERT INTO `communities` (`id`, `name`) VALUES ('6', 'et');
INSERT INTO `communities` (`id`, `name`) VALUES ('32', 'et');
INSERT INTO `communities` (`id`, `name`) VALUES ('61', 'et');
INSERT INTO `communities` (`id`, `name`) VALUES ('87', 'et');
INSERT INTO `communities` (`id`, `name`) VALUES ('90', 'et');
INSERT INTO `communities` (`id`, `name`) VALUES ('99', 'et');
INSERT INTO `communities` (`id`, `name`) VALUES ('8', 'eum');
INSERT INTO `communities` (`id`, `name`) VALUES ('89', 'facilis');
INSERT INTO `communities` (`id`, `name`) VALUES ('86', 'fugit');
INSERT INTO `communities` (`id`, `name`) VALUES ('95', 'harum');
INSERT INTO `communities` (`id`, `name`) VALUES ('73', 'id');
INSERT INTO `communities` (`id`, `name`) VALUES ('24', 'impedit');
INSERT INTO `communities` (`id`, `name`) VALUES ('38', 'in');
INSERT INTO `communities` (`id`, `name`) VALUES ('67', 'in');
INSERT INTO `communities` (`id`, `name`) VALUES ('72', 'ipsa');
INSERT INTO `communities` (`id`, `name`) VALUES ('33', 'iste');
INSERT INTO `communities` (`id`, `name`) VALUES ('58', 'laboriosam');
INSERT INTO `communities` (`id`, `name`) VALUES ('62', 'magnam');
INSERT INTO `communities` (`id`, `name`) VALUES ('9', 'magni');
INSERT INTO `communities` (`id`, `name`) VALUES ('100', 'magni');
INSERT INTO `communities` (`id`, `name`) VALUES ('81', 'modi');
INSERT INTO `communities` (`id`, `name`) VALUES ('27', 'molestiae');
INSERT INTO `communities` (`id`, `name`) VALUES ('41', 'molestiae');
INSERT INTO `communities` (`id`, `name`) VALUES ('65', 'molestiae');
INSERT INTO `communities` (`id`, `name`) VALUES ('76', 'molestias');
INSERT INTO `communities` (`id`, `name`) VALUES ('88', 'mollitia');
INSERT INTO `communities` (`id`, `name`) VALUES ('3', 'natus');
INSERT INTO `communities` (`id`, `name`) VALUES ('82', 'necessitatibus');
INSERT INTO `communities` (`id`, `name`) VALUES ('10', 'nesciunt');
INSERT INTO `communities` (`id`, `name`) VALUES ('20', 'nobis');
INSERT INTO `communities` (`id`, `name`) VALUES ('30', 'nulla');
INSERT INTO `communities` (`id`, `name`) VALUES ('35', 'numquam');
INSERT INTO `communities` (`id`, `name`) VALUES ('34', 'occaecati');
INSERT INTO `communities` (`id`, `name`) VALUES ('16', 'officiis');
INSERT INTO `communities` (`id`, `name`) VALUES ('66', 'officiis');
INSERT INTO `communities` (`id`, `name`) VALUES ('91', 'optio');
INSERT INTO `communities` (`id`, `name`) VALUES ('43', 'praesentium');
INSERT INTO `communities` (`id`, `name`) VALUES ('37', 'provident');
INSERT INTO `communities` (`id`, `name`) VALUES ('52', 'quae');
INSERT INTO `communities` (`id`, `name`) VALUES ('21', 'quas');
INSERT INTO `communities` (`id`, `name`) VALUES ('50', 'quas');
INSERT INTO `communities` (`id`, `name`) VALUES ('26', 'qui');
INSERT INTO `communities` (`id`, `name`) VALUES ('98', 'quia');
INSERT INTO `communities` (`id`, `name`) VALUES ('56', 'quisquam');
INSERT INTO `communities` (`id`, `name`) VALUES ('7', 'quo');
INSERT INTO `communities` (`id`, `name`) VALUES ('79', 'quod');
INSERT INTO `communities` (`id`, `name`) VALUES ('84', 'quos');
INSERT INTO `communities` (`id`, `name`) VALUES ('68', 'reiciendis');
INSERT INTO `communities` (`id`, `name`) VALUES ('44', 'repellat');
INSERT INTO `communities` (`id`, `name`) VALUES ('96', 'repellat');
INSERT INTO `communities` (`id`, `name`) VALUES ('28', 'rerum');
INSERT INTO `communities` (`id`, `name`) VALUES ('13', 'sunt');
INSERT INTO `communities` (`id`, `name`) VALUES ('42', 'sunt');
INSERT INTO `communities` (`id`, `name`) VALUES ('57', 'totam');
INSERT INTO `communities` (`id`, `name`) VALUES ('54', 'ut');
INSERT INTO `communities` (`id`, `name`) VALUES ('71', 'ut');
INSERT INTO `communities` (`id`, `name`) VALUES ('83', 'ut');
INSERT INTO `communities` (`id`, `name`) VALUES ('97', 'ut');
INSERT INTO `communities` (`id`, `name`) VALUES ('2', 'vel');
INSERT INTO `communities` (`id`, `name`) VALUES ('5', 'vel');
INSERT INTO `communities` (`id`, `name`) VALUES ('64', 'vel');
INSERT INTO `communities` (`id`, `name`) VALUES ('94', 'vel');
INSERT INTO `communities` (`id`, `name`) VALUES ('15', 'voluptas');
INSERT INTO `communities` (`id`, `name`) VALUES ('60', 'voluptas');
INSERT INTO `communities` (`id`, `name`) VALUES ('45', 'voluptate');

#
# TABLE STRUCTURE FOR: users_communities
#

DROP TABLE IF EXISTS `users_communities`;

CREATE TABLE `users_communities` (
  `user_id` bigint(20) unsigned NOT NULL,
  `community_id` bigint(20) unsigned NOT NULL,
  PRIMARY KEY (`user_id`,`community_id`),
  KEY `community_id` (`community_id`),
  CONSTRAINT `users_communities_ibfk_1` FOREIGN KEY (`user_id`) REFERENCES `users` (`id`),
  CONSTRAINT `users_communities_ibfk_2` FOREIGN KEY (`community_id`) REFERENCES `communities` (`id`)
) ENGINE=InnoDB DEFAULT CHARSET=utf8 COLLATE=utf8_unicode_ci;

INSERT INTO `users_communities` (`user_id`, `community_id`) VALUES ('201', '1');
INSERT INTO `users_communities` (`user_id`, `community_id`) VALUES ('202', '2');
INSERT INTO `users_communities` (`user_id`, `community_id`) VALUES ('203', '3');
INSERT INTO `users_communities` (`user_id`, `community_id`) VALUES ('204', '4');
INSERT INTO `users_communities` (`user_id`, `community_id`) VALUES ('205', '5');
INSERT INTO `users_communities` (`user_id`, `community_id`) VALUES ('207', '6');
INSERT INTO `users_communities` (`user_id`, `community_id`) VALUES ('208', '7');
INSERT INTO `users_communities` (`user_id`, `community_id`) VALUES ('209', '8');
INSERT INTO `users_communities` (`user_id`, `community_id`) VALUES ('210', '9');
INSERT INTO `users_communities` (`user_id`, `community_id`) VALUES ('212', '10');
INSERT INTO `users_communities` (`user_id`, `community_id`) VALUES ('214', '11');
INSERT INTO `users_communities` (`user_id`, `community_id`) VALUES ('215', '12');
INSERT INTO `users_communities` (`user_id`, `community_id`) VALUES ('218', '13');
INSERT INTO `users_communities` (`user_id`, `community_id`) VALUES ('219', '14');
INSERT INTO `users_communities` (`user_id`, `community_id`) VALUES ('221', '15');
INSERT INTO `users_communities` (`user_id`, `community_id`) VALUES ('223', '16');
INSERT INTO `users_communities` (`user_id`, `community_id`) VALUES ('224', '17');
INSERT INTO `users_communities` (`user_id`, `community_id`) VALUES ('231', '18');
INSERT INTO `users_communities` (`user_id`, `community_id`) VALUES ('232', '19');
INSERT INTO `users_communities` (`user_id`, `community_id`) VALUES ('233', '20');
INSERT INTO `users_communities` (`user_id`, `community_id`) VALUES ('234', '21');
INSERT INTO `users_communities` (`user_id`, `community_id`) VALUES ('237', '22');
INSERT INTO `users_communities` (`user_id`, `community_id`) VALUES ('239', '23');
INSERT INTO `users_communities` (`user_id`, `community_id`) VALUES ('240', '24');
INSERT INTO `users_communities` (`user_id`, `community_id`) VALUES ('242', '25');
INSERT INTO `users_communities` (`user_id`, `community_id`) VALUES ('243', '26');
INSERT INTO `users_communities` (`user_id`, `community_id`) VALUES ('244', '27');
INSERT INTO `users_communities` (`user_id`, `community_id`) VALUES ('249', '28');
INSERT INTO `users_communities` (`user_id`, `community_id`) VALUES ('250', '29');
INSERT INTO `users_communities` (`user_id`, `community_id`) VALUES ('252', '30');
INSERT INTO `users_communities` (`user_id`, `community_id`) VALUES ('255', '31');
INSERT INTO `users_communities` (`user_id`, `community_id`) VALUES ('257', '32');
INSERT INTO `users_communities` (`user_id`, `community_id`) VALUES ('258', '33');
INSERT INTO `users_communities` (`user_id`, `community_id`) VALUES ('259', '34');
INSERT INTO `users_communities` (`user_id`, `community_id`) VALUES ('261', '35');
INSERT INTO `users_communities` (`user_id`, `community_id`) VALUES ('262', '36');
INSERT INTO `users_communities` (`user_id`, `community_id`) VALUES ('263', '37');
INSERT INTO `users_communities` (`user_id`, `community_id`) VALUES ('265', '38');
INSERT INTO `users_communities` (`user_id`, `community_id`) VALUES ('267', '39');
INSERT INTO `users_communities` (`user_id`, `community_id`) VALUES ('270', '40');
INSERT INTO `users_communities` (`user_id`, `community_id`) VALUES ('272', '41');
INSERT INTO `users_communities` (`user_id`, `community_id`) VALUES ('274', '42');
INSERT INTO `users_communities` (`user_id`, `community_id`) VALUES ('275', '43');
INSERT INTO `users_communities` (`user_id`, `community_id`) VALUES ('276', '44');
INSERT INTO `users_communities` (`user_id`, `community_id`) VALUES ('277', '45');
INSERT INTO `users_communities` (`user_id`, `community_id`) VALUES ('280', '46');
INSERT INTO `users_communities` (`user_id`, `community_id`) VALUES ('281', '47');
INSERT INTO `users_communities` (`user_id`, `community_id`) VALUES ('282', '48');
INSERT INTO `users_communities` (`user_id`, `community_id`) VALUES ('283', '49');
INSERT INTO `users_communities` (`user_id`, `community_id`) VALUES ('285', '50');
INSERT INTO `users_communities` (`user_id`, `community_id`) VALUES ('286', '51');
INSERT INTO `users_communities` (`user_id`, `community_id`) VALUES ('287', '52');
INSERT INTO `users_communities` (`user_id`, `community_id`) VALUES ('290', '53');
INSERT INTO `users_communities` (`user_id`, `community_id`) VALUES ('293', '54');
INSERT INTO `users_communities` (`user_id`, `community_id`) VALUES ('297', '55');
INSERT INTO `users_communities` (`user_id`, `community_id`) VALUES ('299', '56');
INSERT INTO `users_communities` (`user_id`, `community_id`) VALUES ('300', '57');
INSERT INTO `users_communities` (`user_id`, `community_id`) VALUES ('303', '58');
INSERT INTO `users_communities` (`user_id`, `community_id`) VALUES ('306', '59');
INSERT INTO `users_communities` (`user_id`, `community_id`) VALUES ('307', '60');
INSERT INTO `users_communities` (`user_id`, `community_id`) VALUES ('308', '61');
INSERT INTO `users_communities` (`user_id`, `community_id`) VALUES ('309', '62');
INSERT INTO `users_communities` (`user_id`, `community_id`) VALUES ('311', '63');
INSERT INTO `users_communities` (`user_id`, `community_id`) VALUES ('313', '64');
INSERT INTO `users_communities` (`user_id`, `community_id`) VALUES ('314', '65');
INSERT INTO `users_communities` (`user_id`, `community_id`) VALUES ('315', '66');
INSERT INTO `users_communities` (`user_id`, `community_id`) VALUES ('318', '67');
INSERT INTO `users_communities` (`user_id`, `community_id`) VALUES ('319', '68');
INSERT INTO `users_communities` (`user_id`, `community_id`) VALUES ('320', '69');
INSERT INTO `users_communities` (`user_id`, `community_id`) VALUES ('322', '70');
INSERT INTO `users_communities` (`user_id`, `community_id`) VALUES ('325', '71');
INSERT INTO `users_communities` (`user_id`, `community_id`) VALUES ('327', '72');
INSERT INTO `users_communities` (`user_id`, `community_id`) VALUES ('328', '73');
INSERT INTO `users_communities` (`user_id`, `community_id`) VALUES ('332', '74');
INSERT INTO `users_communities` (`user_id`, `community_id`) VALUES ('333', '75');
INSERT INTO `users_communities` (`user_id`, `community_id`) VALUES ('334', '76');
INSERT INTO `users_communities` (`user_id`, `community_id`) VALUES ('337', '77');
INSERT INTO `users_communities` (`user_id`, `community_id`) VALUES ('339', '78');
INSERT INTO `users_communities` (`user_id`, `community_id`) VALUES ('340', '79');
INSERT INTO `users_communities` (`user_id`, `community_id`) VALUES ('341', '80');
INSERT INTO `users_communities` (`user_id`, `community_id`) VALUES ('343', '81');
INSERT INTO `users_communities` (`user_id`, `community_id`) VALUES ('344', '82');
INSERT INTO `users_communities` (`user_id`, `community_id`) VALUES ('345', '83');
INSERT INTO `users_communities` (`user_id`, `community_id`) VALUES ('347', '84');
INSERT INTO `users_communities` (`user_id`, `community_id`) VALUES ('348', '85');
INSERT INTO `users_communities` (`user_id`, `community_id`) VALUES ('349', '86');
INSERT INTO `users_communities` (`user_id`, `community_id`) VALUES ('350', '87');
INSERT INTO `users_communities` (`user_id`, `community_id`) VALUES ('351', '88');
INSERT INTO `users_communities` (`user_id`, `community_id`) VALUES ('356', '89');
INSERT INTO `users_communities` (`user_id`, `community_id`) VALUES ('357', '90');
INSERT INTO `users_communities` (`user_id`, `community_id`) VALUES ('358', '91');
INSERT INTO `users_communities` (`user_id`, `community_id`) VALUES ('360', '92');
INSERT INTO `users_communities` (`user_id`, `community_id`) VALUES ('361', '93');
INSERT INTO `users_communities` (`user_id`, `community_id`) VALUES ('362', '94');
INSERT INTO `users_communities` (`user_id`, `community_id`) VALUES ('364', '95');
INSERT INTO `users_communities` (`user_id`, `community_id`) VALUES ('368', '96');
INSERT INTO `users_communities` (`user_id`, `community_id`) VALUES ('370', '97');
INSERT INTO `users_communities` (`user_id`, `community_id`) VALUES ('371', '98');
INSERT INTO `users_communities` (`user_id`, `community_id`) VALUES ('373', '99');
INSERT INTO `users_communities` (`user_id`, `community_id`) VALUES ('375', '100');

#
# TABLE STRUCTURE FOR: media_types
#

DROP TABLE IF EXISTS `media_types`;

CREATE TABLE `media_types` (
  `id` bigint(20) unsigned NOT NULL AUTO_INCREMENT,
  `name` varchar(255) COLLATE utf8_unicode_ci DEFAULT NULL,
  `created_at` datetime DEFAULT current_timestamp(),
  `updated_at` datetime DEFAULT current_timestamp() ON UPDATE current_timestamp(),
  PRIMARY KEY (`id`)
) ENGINE=InnoDB AUTO_INCREMENT=101 DEFAULT CHARSET=utf8 COLLATE=utf8_unicode_ci;

INSERT INTO `media_types` (`id`, `name`, `created_at`, `updated_at`) VALUES ('1', 'ad', '1975-04-12 18:53:55', '1980-08-10 21:38:11');
INSERT INTO `media_types` (`id`, `name`, `created_at`, `updated_at`) VALUES ('2', 'magnam', '1995-10-12 06:57:09', '2009-12-11 13:12:31');
INSERT INTO `media_types` (`id`, `name`, `created_at`, `updated_at`) VALUES ('3', 'officia', '1970-04-06 01:05:01', '2017-11-29 18:52:48');
INSERT INTO `media_types` (`id`, `name`, `created_at`, `updated_at`) VALUES ('4', 'consequatur', '1991-12-26 22:12:12', '1971-10-30 21:07:41');
INSERT INTO `media_types` (`id`, `name`, `created_at`, `updated_at`) VALUES ('5', 'voluptas', '1975-05-08 23:24:18', '1996-10-07 13:37:30');
INSERT INTO `media_types` (`id`, `name`, `created_at`, `updated_at`) VALUES ('6', 'illo', '1971-10-18 02:29:57', '1980-05-17 02:25:42');
INSERT INTO `media_types` (`id`, `name`, `created_at`, `updated_at`) VALUES ('7', 'explicabo', '1985-09-08 09:39:40', '1977-04-28 04:51:06');
INSERT INTO `media_types` (`id`, `name`, `created_at`, `updated_at`) VALUES ('8', 'non', '1992-09-17 13:48:03', '2016-11-26 22:24:39');
INSERT INTO `media_types` (`id`, `name`, `created_at`, `updated_at`) VALUES ('9', 'dolorum', '1970-05-09 21:11:51', '1972-02-07 04:50:06');
INSERT INTO `media_types` (`id`, `name`, `created_at`, `updated_at`) VALUES ('10', 'possimus', '2019-12-16 03:17:33', '1976-06-15 01:24:22');
INSERT INTO `media_types` (`id`, `name`, `created_at`, `updated_at`) VALUES ('11', 'tenetur', '1983-05-04 11:11:19', '1976-06-15 00:45:13');
INSERT INTO `media_types` (`id`, `name`, `created_at`, `updated_at`) VALUES ('12', 'non', '1977-12-10 06:49:39', '1988-11-27 03:04:51');
INSERT INTO `media_types` (`id`, `name`, `created_at`, `updated_at`) VALUES ('13', 'molestiae', '1989-08-23 16:54:08', '1970-07-26 11:15:20');
INSERT INTO `media_types` (`id`, `name`, `created_at`, `updated_at`) VALUES ('14', 'soluta', '1984-04-17 02:23:26', '1984-01-10 07:38:20');
INSERT INTO `media_types` (`id`, `name`, `created_at`, `updated_at`) VALUES ('15', 'libero', '1974-09-15 06:50:27', '1992-01-02 14:45:32');
INSERT INTO `media_types` (`id`, `name`, `created_at`, `updated_at`) VALUES ('16', 'ratione', '1979-01-10 00:23:41', '2001-03-02 19:15:37');
INSERT INTO `media_types` (`id`, `name`, `created_at`, `updated_at`) VALUES ('17', 'nemo', '1979-09-08 01:34:43', '2017-10-14 06:57:07');
INSERT INTO `media_types` (`id`, `name`, `created_at`, `updated_at`) VALUES ('18', 'aut', '2013-06-05 00:49:21', '1974-11-10 14:59:06');
INSERT INTO `media_types` (`id`, `name`, `created_at`, `updated_at`) VALUES ('19', 'vitae', '1976-06-06 16:07:46', '2017-06-18 19:43:46');
INSERT INTO `media_types` (`id`, `name`, `created_at`, `updated_at`) VALUES ('20', 'sint', '1997-07-30 05:38:08', '1992-03-22 02:36:44');
INSERT INTO `media_types` (`id`, `name`, `created_at`, `updated_at`) VALUES ('21', 'quia', '1981-01-18 17:11:13', '1997-07-05 06:47:59');
INSERT INTO `media_types` (`id`, `name`, `created_at`, `updated_at`) VALUES ('22', 'amet', '2014-08-25 21:38:20', '1984-10-29 11:11:20');
INSERT INTO `media_types` (`id`, `name`, `created_at`, `updated_at`) VALUES ('23', 'esse', '1971-03-02 07:37:26', '1991-02-19 15:58:23');
INSERT INTO `media_types` (`id`, `name`, `created_at`, `updated_at`) VALUES ('24', 'eum', '1993-05-08 22:04:21', '2012-12-16 15:53:57');
INSERT INTO `media_types` (`id`, `name`, `created_at`, `updated_at`) VALUES ('25', 'assumenda', '1989-05-18 02:00:46', '1993-09-06 19:59:20');
INSERT INTO `media_types` (`id`, `name`, `created_at`, `updated_at`) VALUES ('26', 'sapiente', '2010-03-31 14:00:26', '1974-10-20 11:02:32');
INSERT INTO `media_types` (`id`, `name`, `created_at`, `updated_at`) VALUES ('27', 'delectus', '1998-04-21 23:06:21', '2015-11-22 17:05:49');
INSERT INTO `media_types` (`id`, `name`, `created_at`, `updated_at`) VALUES ('28', 'est', '2016-01-10 15:49:57', '2017-08-16 18:57:07');
INSERT INTO `media_types` (`id`, `name`, `created_at`, `updated_at`) VALUES ('29', 'nisi', '1976-01-20 17:02:09', '1978-12-04 10:18:01');
INSERT INTO `media_types` (`id`, `name`, `created_at`, `updated_at`) VALUES ('30', 'illum', '2015-02-01 02:58:28', '1975-10-07 09:08:53');
INSERT INTO `media_types` (`id`, `name`, `created_at`, `updated_at`) VALUES ('31', 'fuga', '1975-11-26 05:52:01', '1972-12-13 13:29:33');
INSERT INTO `media_types` (`id`, `name`, `created_at`, `updated_at`) VALUES ('32', 'qui', '2004-09-20 07:30:38', '1975-01-08 05:54:36');
INSERT INTO `media_types` (`id`, `name`, `created_at`, `updated_at`) VALUES ('33', 'maiores', '1976-12-25 04:13:58', '1973-04-15 06:07:26');
INSERT INTO `media_types` (`id`, `name`, `created_at`, `updated_at`) VALUES ('34', 'est', '1977-06-01 14:29:48', '1994-03-26 23:45:07');
INSERT INTO `media_types` (`id`, `name`, `created_at`, `updated_at`) VALUES ('35', 'impedit', '2005-01-24 18:11:13', '1996-11-08 04:58:48');
INSERT INTO `media_types` (`id`, `name`, `created_at`, `updated_at`) VALUES ('36', 'quo', '1987-04-02 16:05:58', '2013-08-20 04:52:12');
INSERT INTO `media_types` (`id`, `name`, `created_at`, `updated_at`) VALUES ('37', 'aut', '2002-09-16 08:59:57', '1985-08-17 14:50:24');
INSERT INTO `media_types` (`id`, `name`, `created_at`, `updated_at`) VALUES ('38', 'sit', '2017-04-10 23:55:07', '1994-07-05 19:30:25');
INSERT INTO `media_types` (`id`, `name`, `created_at`, `updated_at`) VALUES ('39', 'perspiciatis', '2014-02-22 21:06:27', '2016-09-20 07:40:34');
INSERT INTO `media_types` (`id`, `name`, `created_at`, `updated_at`) VALUES ('40', 'qui', '1997-12-17 12:48:10', '1981-02-04 05:16:10');
INSERT INTO `media_types` (`id`, `name`, `created_at`, `updated_at`) VALUES ('41', 'vero', '1998-01-22 09:04:36', '1984-08-10 02:38:02');
INSERT INTO `media_types` (`id`, `name`, `created_at`, `updated_at`) VALUES ('42', 'incidunt', '1981-04-06 17:53:29', '1994-07-11 20:51:08');
INSERT INTO `media_types` (`id`, `name`, `created_at`, `updated_at`) VALUES ('43', 'velit', '1987-03-14 03:04:39', '1988-09-05 00:02:04');
INSERT INTO `media_types` (`id`, `name`, `created_at`, `updated_at`) VALUES ('44', 'unde', '1997-11-06 00:46:20', '1983-11-15 20:31:47');
INSERT INTO `media_types` (`id`, `name`, `created_at`, `updated_at`) VALUES ('45', 'voluptatem', '1992-01-06 23:09:09', '2015-02-18 10:51:52');
INSERT INTO `media_types` (`id`, `name`, `created_at`, `updated_at`) VALUES ('46', 'et', '2015-07-09 06:19:00', '1981-06-04 17:56:30');
INSERT INTO `media_types` (`id`, `name`, `created_at`, `updated_at`) VALUES ('47', 'repellat', '1985-09-29 03:48:41', '1970-04-12 16:39:00');
INSERT INTO `media_types` (`id`, `name`, `created_at`, `updated_at`) VALUES ('48', 'architecto', '2016-08-21 23:30:39', '1982-12-18 03:26:16');
INSERT INTO `media_types` (`id`, `name`, `created_at`, `updated_at`) VALUES ('49', 'blanditiis', '2015-06-25 09:18:53', '2019-01-28 17:34:39');
INSERT INTO `media_types` (`id`, `name`, `created_at`, `updated_at`) VALUES ('50', 'pariatur', '2000-04-25 04:27:23', '2019-09-25 05:25:31');
INSERT INTO `media_types` (`id`, `name`, `created_at`, `updated_at`) VALUES ('51', 'consectetur', '1995-03-07 19:15:40', '2012-11-06 07:38:54');
INSERT INTO `media_types` (`id`, `name`, `created_at`, `updated_at`) VALUES ('52', 'explicabo', '2017-12-12 13:49:59', '2004-04-24 00:07:31');
INSERT INTO `media_types` (`id`, `name`, `created_at`, `updated_at`) VALUES ('53', 'non', '2004-02-02 00:20:18', '2008-06-27 20:11:24');
INSERT INTO `media_types` (`id`, `name`, `created_at`, `updated_at`) VALUES ('54', 'cupiditate', '1980-05-05 12:40:51', '2017-05-20 08:10:43');
INSERT INTO `media_types` (`id`, `name`, `created_at`, `updated_at`) VALUES ('55', 'et', '1971-02-22 02:22:25', '2003-11-25 17:23:54');
INSERT INTO `media_types` (`id`, `name`, `created_at`, `updated_at`) VALUES ('56', 'esse', '2004-05-08 02:47:21', '1976-12-04 00:49:01');
INSERT INTO `media_types` (`id`, `name`, `created_at`, `updated_at`) VALUES ('57', 'culpa', '2016-01-09 12:13:44', '1979-08-01 04:28:06');
INSERT INTO `media_types` (`id`, `name`, `created_at`, `updated_at`) VALUES ('58', 'sint', '2009-11-22 12:37:14', '1978-04-19 16:04:20');
INSERT INTO `media_types` (`id`, `name`, `created_at`, `updated_at`) VALUES ('59', 'corrupti', '1983-11-15 07:26:23', '1989-01-16 08:49:55');
INSERT INTO `media_types` (`id`, `name`, `created_at`, `updated_at`) VALUES ('60', 'sequi', '1970-08-05 23:07:41', '1976-04-17 06:45:54');
INSERT INTO `media_types` (`id`, `name`, `created_at`, `updated_at`) VALUES ('61', 'quia', '1992-11-04 04:35:49', '2019-03-17 18:24:32');
INSERT INTO `media_types` (`id`, `name`, `created_at`, `updated_at`) VALUES ('62', 'exercitationem', '2012-03-04 12:22:02', '1998-01-30 16:30:40');
INSERT INTO `media_types` (`id`, `name`, `created_at`, `updated_at`) VALUES ('63', 'dolore', '2000-03-09 17:24:25', '2008-07-18 09:38:37');
INSERT INTO `media_types` (`id`, `name`, `created_at`, `updated_at`) VALUES ('64', 'amet', '1986-07-15 17:20:54', '2006-10-06 08:29:12');
INSERT INTO `media_types` (`id`, `name`, `created_at`, `updated_at`) VALUES ('65', 'et', '2016-04-01 05:18:47', '1971-05-30 16:25:33');
INSERT INTO `media_types` (`id`, `name`, `created_at`, `updated_at`) VALUES ('66', 'cumque', '2009-03-14 14:55:35', '1999-08-05 16:24:47');
INSERT INTO `media_types` (`id`, `name`, `created_at`, `updated_at`) VALUES ('67', 'porro', '1973-08-12 14:10:45', '2000-04-15 21:06:00');
INSERT INTO `media_types` (`id`, `name`, `created_at`, `updated_at`) VALUES ('68', 'incidunt', '1987-02-12 12:38:31', '1981-01-18 06:01:51');
INSERT INTO `media_types` (`id`, `name`, `created_at`, `updated_at`) VALUES ('69', 'aspernatur', '1985-01-02 17:59:33', '1992-05-18 07:05:30');
INSERT INTO `media_types` (`id`, `name`, `created_at`, `updated_at`) VALUES ('70', 'voluptatum', '2015-03-06 08:29:24', '2010-03-05 05:40:54');
INSERT INTO `media_types` (`id`, `name`, `created_at`, `updated_at`) VALUES ('71', 'molestias', '2001-10-05 07:28:33', '2007-03-02 10:37:26');
INSERT INTO `media_types` (`id`, `name`, `created_at`, `updated_at`) VALUES ('72', 'placeat', '1997-04-28 10:04:06', '1975-06-10 14:52:02');
INSERT INTO `media_types` (`id`, `name`, `created_at`, `updated_at`) VALUES ('73', 'necessitatibus', '2002-10-08 17:59:30', '2001-10-25 19:10:13');
INSERT INTO `media_types` (`id`, `name`, `created_at`, `updated_at`) VALUES ('74', 'ipsam', '1979-08-05 18:15:24', '1998-01-25 18:33:14');
INSERT INTO `media_types` (`id`, `name`, `created_at`, `updated_at`) VALUES ('75', 'laboriosam', '1980-12-22 20:47:16', '1989-04-09 23:16:02');
INSERT INTO `media_types` (`id`, `name`, `created_at`, `updated_at`) VALUES ('76', 'porro', '1984-05-20 06:05:37', '1986-05-18 01:27:24');
INSERT INTO `media_types` (`id`, `name`, `created_at`, `updated_at`) VALUES ('77', 'tempora', '1989-12-13 04:07:44', '1980-11-16 09:36:45');
INSERT INTO `media_types` (`id`, `name`, `created_at`, `updated_at`) VALUES ('78', 'nam', '1980-05-04 08:11:40', '2000-07-12 01:34:02');
INSERT INTO `media_types` (`id`, `name`, `created_at`, `updated_at`) VALUES ('79', 'impedit', '1994-03-22 10:37:26', '2014-12-02 17:04:36');
INSERT INTO `media_types` (`id`, `name`, `created_at`, `updated_at`) VALUES ('80', 'rerum', '1981-02-01 08:53:59', '2015-07-31 07:50:32');
INSERT INTO `media_types` (`id`, `name`, `created_at`, `updated_at`) VALUES ('81', 'corrupti', '2013-01-25 10:24:24', '1974-04-23 05:46:03');
INSERT INTO `media_types` (`id`, `name`, `created_at`, `updated_at`) VALUES ('82', 'omnis', '2009-07-26 19:45:50', '1999-03-06 19:48:29');
INSERT INTO `media_types` (`id`, `name`, `created_at`, `updated_at`) VALUES ('83', 'enim', '2012-09-24 10:05:51', '2003-09-05 20:27:17');
INSERT INTO `media_types` (`id`, `name`, `created_at`, `updated_at`) VALUES ('84', 'reprehenderit', '2011-09-30 07:30:13', '2014-03-26 23:01:47');
INSERT INTO `media_types` (`id`, `name`, `created_at`, `updated_at`) VALUES ('85', 'atque', '1979-12-25 23:13:31', '1990-12-06 22:18:55');
INSERT INTO `media_types` (`id`, `name`, `created_at`, `updated_at`) VALUES ('86', 'ratione', '1985-12-30 15:40:35', '1983-10-25 18:16:18');
INSERT INTO `media_types` (`id`, `name`, `created_at`, `updated_at`) VALUES ('87', 'molestiae', '1998-05-16 04:10:49', '1996-02-04 15:27:27');
INSERT INTO `media_types` (`id`, `name`, `created_at`, `updated_at`) VALUES ('88', 'autem', '2019-11-04 05:54:52', '1972-03-30 07:54:26');
INSERT INTO `media_types` (`id`, `name`, `created_at`, `updated_at`) VALUES ('89', 'temporibus', '2015-02-03 00:35:29', '2010-06-26 16:13:59');
INSERT INTO `media_types` (`id`, `name`, `created_at`, `updated_at`) VALUES ('90', 'nobis', '1987-07-12 22:58:51', '1977-02-06 04:40:55');
INSERT INTO `media_types` (`id`, `name`, `created_at`, `updated_at`) VALUES ('91', 'mollitia', '1992-12-22 01:32:46', '1978-12-23 11:02:02');
INSERT INTO `media_types` (`id`, `name`, `created_at`, `updated_at`) VALUES ('92', 'ad', '1976-02-28 18:23:41', '1978-09-30 22:08:51');
INSERT INTO `media_types` (`id`, `name`, `created_at`, `updated_at`) VALUES ('93', 'blanditiis', '1983-01-17 05:50:42', '1991-05-28 22:37:45');
INSERT INTO `media_types` (`id`, `name`, `created_at`, `updated_at`) VALUES ('94', 'in', '2017-09-14 00:00:05', '2015-09-28 02:01:15');
INSERT INTO `media_types` (`id`, `name`, `created_at`, `updated_at`) VALUES ('95', 'ea', '1990-10-15 00:33:42', '1979-02-22 06:36:41');
INSERT INTO `media_types` (`id`, `name`, `created_at`, `updated_at`) VALUES ('96', 'perferendis', '2001-12-16 13:43:31', '2003-05-15 22:31:46');
INSERT INTO `media_types` (`id`, `name`, `created_at`, `updated_at`) VALUES ('97', 'nemo', '2012-10-09 03:29:52', '1988-06-24 01:37:12');
INSERT INTO `media_types` (`id`, `name`, `created_at`, `updated_at`) VALUES ('98', 'atque', '1985-05-12 23:06:32', '2006-08-29 15:12:30');
INSERT INTO `media_types` (`id`, `name`, `created_at`, `updated_at`) VALUES ('99', 'aut', '1997-12-14 03:53:14', '2003-03-15 02:16:18');
INSERT INTO `media_types` (`id`, `name`, `created_at`, `updated_at`) VALUES ('100', 'occaecati', '1983-04-26 06:21:33', '2013-05-06 21:32:47');

#
# TABLE STRUCTURE FOR: media
#

DROP TABLE IF EXISTS `media`;

CREATE TABLE `media` (
  `id` bigint(20) unsigned NOT NULL AUTO_INCREMENT,
  `media_type_id` bigint(20) unsigned NOT NULL,
  `user_id` bigint(20) unsigned NOT NULL,
  `body` text COLLATE utf8_unicode_ci DEFAULT NULL,
  `filename` varchar(255) COLLATE utf8_unicode_ci DEFAULT NULL,
  `size` int(11) DEFAULT NULL,
  `metadata` longtext CHARACTER SET utf8mb4 COLLATE utf8mb4_bin DEFAULT NULL,
  `created_at` datetime DEFAULT current_timestamp(),
  `updated_at` datetime DEFAULT current_timestamp() ON UPDATE current_timestamp(),
  PRIMARY KEY (`id`),
  KEY `user_id` (`user_id`),
  KEY `media_type_id` (`media_type_id`),
  CONSTRAINT `media_ibfk_1` FOREIGN KEY (`user_id`) REFERENCES `users` (`id`),
  CONSTRAINT `media_ibfk_2` FOREIGN KEY (`media_type_id`) REFERENCES `media_types` (`id`)
) ENGINE=InnoDB AUTO_INCREMENT=101 DEFAULT CHARSET=utf8 COLLATE=utf8_unicode_ci;

INSERT INTO `media` (`id`, `media_type_id`, `user_id`, `body`, `filename`, `size`, `metadata`, `created_at`, `updated_at`) VALUES ('1', '1', '201', 'Rerum dolor delectus est quasi. Ut omnis nesciunt eaque ducimus vel vitae. Amet ut quis autem similique aut nisi aut.', 'ut', 5, '', '2014-01-14 00:55:41', '1976-09-25 10:45:43');
INSERT INTO `media` (`id`, `media_type_id`, `user_id`, `body`, `filename`, `size`, `metadata`, `created_at`, `updated_at`) VALUES ('2', '2', '202', 'Est laboriosam optio consequatur aut sapiente quaerat dignissimos. Sit corrupti vel officia iste doloribus magnam molestiae. Dolores nisi minima eligendi iusto ut saepe.', 'eum', 66208, '2090', '2015-11-01 23:08:53', '2011-08-16 18:24:20');
INSERT INTO `media` (`id`, `media_type_id`, `user_id`, `body`, `filename`, `size`, `metadata`, `created_at`, `updated_at`) VALUES ('3', '3', '203', 'Qui corporis numquam eos et nostrum excepturi. Adipisci dolores magnam libero quo quaerat facilis vitae alias. Error sint ut fuga.', 'expedita', 248595498, '', '1996-07-22 20:04:42', '1981-08-13 15:17:00');
INSERT INTO `media` (`id`, `media_type_id`, `user_id`, `body`, `filename`, `size`, `metadata`, `created_at`, `updated_at`) VALUES ('4', '4', '204', 'Ut perspiciatis id et voluptas. Velit quasi quas aut deserunt natus fugiat vitae aperiam. Nesciunt ut qui sunt ut quis eligendi.', 'molestiae', 20, '571731', '2019-05-04 02:35:57', '1974-10-12 17:21:38');
INSERT INTO `media` (`id`, `media_type_id`, `user_id`, `body`, `filename`, `size`, `metadata`, `created_at`, `updated_at`) VALUES ('5', '5', '205', 'Dolorum aliquam ad ut aut iste ea. Est dolorum et aliquid id. Id cum laudantium quia perferendis facilis. Aut nemo omnis quae ipsum labore soluta debitis deserunt.', 'et', 171, '293774230', '2014-03-07 20:14:32', '2019-01-10 23:50:29');
INSERT INTO `media` (`id`, `media_type_id`, `user_id`, `body`, `filename`, `size`, `metadata`, `created_at`, `updated_at`) VALUES ('6', '6', '207', 'Eum perferendis modi qui deleniti ut sequi. Iste necessitatibus placeat dolorum est expedita. Quaerat consectetur nisi accusamus quo officia distinctio vero.', 'odio', 410227, '66', '1997-03-26 07:47:26', '1990-09-27 18:36:56');
INSERT INTO `media` (`id`, `media_type_id`, `user_id`, `body`, `filename`, `size`, `metadata`, `created_at`, `updated_at`) VALUES ('7', '7', '208', 'Velit quibusdam placeat ut maxime. Eveniet est laudantium sunt. Et dolorem harum reprehenderit et doloremque eius in. Mollitia id ex temporibus magni sed voluptatem. Tenetur fuga et nulla exercitationem.', 'accusamus', 3530, '7', '1971-08-31 11:15:38', '2003-09-25 22:19:08');
INSERT INTO `media` (`id`, `media_type_id`, `user_id`, `body`, `filename`, `size`, `metadata`, `created_at`, `updated_at`) VALUES ('8', '8', '209', 'Voluptatibus est est nostrum sit fuga minima pariatur omnis. Veritatis omnis quasi et. Temporibus ut molestiae totam vitae voluptatum alias est rerum.', 'et', 19179, '31', '1972-12-26 17:38:34', '2006-11-01 02:28:46');
INSERT INTO `media` (`id`, `media_type_id`, `user_id`, `body`, `filename`, `size`, `metadata`, `created_at`, `updated_at`) VALUES ('9', '9', '210', 'Unde aperiam vitae quis qui quia perspiciatis. Provident quasi nisi illum hic dolores earum ut dignissimos. Totam quibusdam vero culpa magni doloribus voluptas aut. Voluptatem voluptatem laboriosam architecto est.', 'minus', 1970933, '292952', '1983-09-12 20:15:11', '2016-06-24 17:45:18');
INSERT INTO `media` (`id`, `media_type_id`, `user_id`, `body`, `filename`, `size`, `metadata`, `created_at`, `updated_at`) VALUES ('10', '10', '212', 'Natus occaecati minima enim. Necessitatibus quidem qui autem sed sunt et. Consequuntur quisquam laborum et incidunt inventore.', 'et', 4083, '', '1977-11-02 06:44:09', '2010-12-29 18:31:04');
INSERT INTO `media` (`id`, `media_type_id`, `user_id`, `body`, `filename`, `size`, `metadata`, `created_at`, `updated_at`) VALUES ('11', '11', '214', 'Modi aspernatur et magni incidunt consequatur quos ex ducimus. Eum eos eum est dicta aut sunt ducimus consequatur. Nihil possimus totam voluptas praesentium perspiciatis.', 'in', 0, '826', '2009-11-13 21:10:36', '1976-04-27 10:34:16');
INSERT INTO `media` (`id`, `media_type_id`, `user_id`, `body`, `filename`, `size`, `metadata`, `created_at`, `updated_at`) VALUES ('12', '12', '215', 'Quo sequi odit possimus inventore ipsam eum. Voluptates eum soluta pariatur voluptatem voluptate sed architecto. Magnam dignissimos autem et qui odio eos necessitatibus.', 'laborum', 451166826, '20220415', '2015-12-12 00:28:59', '2013-03-26 03:51:54');
INSERT INTO `media` (`id`, `media_type_id`, `user_id`, `body`, `filename`, `size`, `metadata`, `created_at`, `updated_at`) VALUES ('13', '13', '218', 'Possimus eligendi magnam ea error. Nesciunt aut temporibus atque doloremque. Consequatur nemo rerum quisquam tempore qui quia. Autem velit quaerat inventore quaerat.', 'et', 0, '423', '2004-10-30 12:53:31', '2006-01-16 07:56:18');
INSERT INTO `media` (`id`, `media_type_id`, `user_id`, `body`, `filename`, `size`, `metadata`, `created_at`, `updated_at`) VALUES ('14', '14', '219', 'Quis quos autem iure recusandae. Quo magnam esse est facilis non. Rerum natus quas dolores enim aspernatur debitis vitae.', 'veniam', 9330, '', '2015-10-18 09:39:17', '1988-09-18 22:34:22');
INSERT INTO `media` (`id`, `media_type_id`, `user_id`, `body`, `filename`, `size`, `metadata`, `created_at`, `updated_at`) VALUES ('15', '15', '221', 'Voluptatum eveniet sit accusantium quaerat sequi deserunt repudiandae repellendus. Molestiae quos et aliquam sequi. Excepturi consequatur aut veritatis enim veritatis ut dolor et. Excepturi nam repellat sit dolor doloremque ad quam.', 'ea', 45695, '583', '1988-03-19 08:26:20', '2002-02-05 20:28:55');
INSERT INTO `media` (`id`, `media_type_id`, `user_id`, `body`, `filename`, `size`, `metadata`, `created_at`, `updated_at`) VALUES ('16', '16', '223', 'Facilis qui labore veniam quo vitae numquam. Voluptatem delectus officiis sed saepe praesentium. Accusamus quidem totam quis provident laborum et sint.', 'sed', 2728797, '', '1982-01-23 18:56:39', '1998-03-16 22:23:55');
INSERT INTO `media` (`id`, `media_type_id`, `user_id`, `body`, `filename`, `size`, `metadata`, `created_at`, `updated_at`) VALUES ('17', '17', '224', 'Non deserunt vitae sed facere earum beatae cum voluptates. Id ut aliquid excepturi ab voluptatum id. Et molestiae odit cumque accusamus.', 'perferendis', 994, '', '2004-06-06 16:51:55', '2016-11-13 05:55:01');
INSERT INTO `media` (`id`, `media_type_id`, `user_id`, `body`, `filename`, `size`, `metadata`, `created_at`, `updated_at`) VALUES ('18', '18', '231', 'Et quas possimus nesciunt. Sit tenetur voluptatem iure est consequatur debitis in.', 'est', 0, '81627', '1970-01-24 01:19:36', '1976-12-28 04:10:01');
INSERT INTO `media` (`id`, `media_type_id`, `user_id`, `body`, `filename`, `size`, `metadata`, `created_at`, `updated_at`) VALUES ('19', '19', '232', 'Sit voluptatem et in asperiores. Magni laboriosam nisi occaecati odio facere dolore ad. Quasi autem libero qui natus iusto.', 'quibusdam', 817746603, '63049801', '1995-01-22 10:17:39', '2009-12-23 08:45:54');
INSERT INTO `media` (`id`, `media_type_id`, `user_id`, `body`, `filename`, `size`, `metadata`, `created_at`, `updated_at`) VALUES ('20', '20', '233', 'Ut optio dicta ullam facilis delectus soluta. Quia ea totam recusandae magnam voluptas vitae. Quis doloremque temporibus quis repudiandae aliquam.', 'qui', 711, '2548', '2012-03-06 19:22:09', '2018-01-08 22:56:54');
INSERT INTO `media` (`id`, `media_type_id`, `user_id`, `body`, `filename`, `size`, `metadata`, `created_at`, `updated_at`) VALUES ('21', '21', '234', 'Et ratione magni tempora architecto delectus. Illum fugiat et nulla odit vel. Ea reprehenderit cumque a qui ratione occaecati.', 'incidunt', 5576820, '8', '2004-07-21 23:46:36', '1970-09-04 08:30:41');
INSERT INTO `media` (`id`, `media_type_id`, `user_id`, `body`, `filename`, `size`, `metadata`, `created_at`, `updated_at`) VALUES ('22', '22', '237', 'Veritatis eius ad ipsam et fugiat. Eos nihil fugiat non voluptatibus repudiandae deserunt.', 'tempore', 9, '', '2019-11-22 22:53:24', '1974-09-15 21:45:03');
INSERT INTO `media` (`id`, `media_type_id`, `user_id`, `body`, `filename`, `size`, `metadata`, `created_at`, `updated_at`) VALUES ('23', '23', '239', 'Et a possimus dicta minima tenetur vel amet consectetur. Vel voluptatem libero officia. Officiis est non in praesentium eius molestiae.', 'explicabo', 2705, '47', '2006-05-11 23:30:43', '1979-12-06 14:46:27');
INSERT INTO `media` (`id`, `media_type_id`, `user_id`, `body`, `filename`, `size`, `metadata`, `created_at`, `updated_at`) VALUES ('24', '24', '240', 'Sunt ut voluptas eos voluptatem. Corrupti qui blanditiis vel non. Aut consequatur dolore repudiandae ipsum cum et. Vel repellendus magni dolorem culpa aut.', 'voluptatem', 3574314, '9', '1972-02-22 04:57:35', '1995-02-16 04:34:24');
INSERT INTO `media` (`id`, `media_type_id`, `user_id`, `body`, `filename`, `size`, `metadata`, `created_at`, `updated_at`) VALUES ('25', '25', '242', 'Doloremque sint veritatis vitae. Id consequatur et maxime voluptatem sunt sed. Nihil vel occaecati adipisci consequuntur non qui. Voluptatum omnis quod et quis corrupti.', 'quia', 9971706, '95821834', '1977-10-20 07:25:54', '2007-09-07 23:36:06');
INSERT INTO `media` (`id`, `media_type_id`, `user_id`, `body`, `filename`, `size`, `metadata`, `created_at`, `updated_at`) VALUES ('26', '26', '243', 'Aut doloremque alias repudiandae quo autem et qui. Culpa et molestias et quisquam omnis. Aut et aliquam accusantium fugiat nihil.', 'beatae', 9066, '20443157', '2019-11-21 12:57:15', '1970-09-21 11:48:46');
INSERT INTO `media` (`id`, `media_type_id`, `user_id`, `body`, `filename`, `size`, `metadata`, `created_at`, `updated_at`) VALUES ('27', '27', '244', 'Non ipsum repellat illum iusto. Voluptatem optio ducimus quo numquam debitis laboriosam. Enim modi nihil magni natus. Deserunt qui ut quo perferendis at et.', 'perferendis', 319181546, '50180', '1996-09-05 15:00:10', '2010-04-27 11:37:24');
INSERT INTO `media` (`id`, `media_type_id`, `user_id`, `body`, `filename`, `size`, `metadata`, `created_at`, `updated_at`) VALUES ('28', '28', '249', 'Dignissimos qui quaerat perferendis ut. Eius molestias omnis rerum vitae libero doloribus. Qui commodi cumque nostrum et aspernatur omnis. Eos ab deleniti aut omnis.', 'qui', 370378643, '', '2002-07-01 16:07:36', '1999-08-22 06:19:04');
INSERT INTO `media` (`id`, `media_type_id`, `user_id`, `body`, `filename`, `size`, `metadata`, `created_at`, `updated_at`) VALUES ('29', '29', '250', 'Error ipsum cumque qui et quidem recusandae nihil quasi. Dolores atque placeat perferendis odio in praesentium explicabo. Eius sed aliquid dolorum expedita facilis.', 'quo', 0, '', '2004-11-08 08:12:11', '2018-08-07 08:09:58');
INSERT INTO `media` (`id`, `media_type_id`, `user_id`, `body`, `filename`, `size`, `metadata`, `created_at`, `updated_at`) VALUES ('30', '30', '252', 'Consectetur a modi ex praesentium dolor. Ut ipsam atque dolore sed beatae labore hic nemo. Est quis adipisci veritatis blanditiis sit.', 'dolorem', 55777258, '651364690', '1974-03-19 12:18:53', '1982-05-11 07:46:28');
INSERT INTO `media` (`id`, `media_type_id`, `user_id`, `body`, `filename`, `size`, `metadata`, `created_at`, `updated_at`) VALUES ('31', '31', '255', 'Eligendi similique nostrum aliquid enim accusamus nihil facere. Nisi similique aut qui eum laborum nemo molestiae. Repellendus laborum atque voluptas eum quasi architecto praesentium. Veniam qui in inventore.', 'voluptas', 34271, '', '2017-11-19 08:08:45', '1987-01-07 00:17:33');
INSERT INTO `media` (`id`, `media_type_id`, `user_id`, `body`, `filename`, `size`, `metadata`, `created_at`, `updated_at`) VALUES ('32', '32', '257', 'Voluptate ad quo amet recusandae natus quo ad. Nam voluptatem ab repudiandae in error. Ab odio omnis numquam natus.', 'sunt', 707558119, '627783', '1973-03-29 18:11:28', '1975-12-06 08:18:12');
INSERT INTO `media` (`id`, `media_type_id`, `user_id`, `body`, `filename`, `size`, `metadata`, `created_at`, `updated_at`) VALUES ('33', '33', '258', 'Adipisci quaerat voluptatem provident cum. Eius incidunt labore tempore architecto ullam. Et perferendis fugit dolorem. Asperiores voluptatum sint dolores dolores ipsam iste. Voluptatem quae molestias repellendus magnam et cum.', 'iure', 2, '4610', '1971-04-30 15:43:33', '2001-03-08 01:44:26');
INSERT INTO `media` (`id`, `media_type_id`, `user_id`, `body`, `filename`, `size`, `metadata`, `created_at`, `updated_at`) VALUES ('34', '34', '259', 'Vitae voluptatem qui porro corporis rerum. Quia vero cumque officia sunt et ut. Deserunt asperiores quod veritatis deserunt voluptatum. Culpa laborum id qui itaque. Voluptatem enim et id recusandae.', 'ut', 0, '731574534', '2010-05-02 12:51:06', '2018-10-01 21:06:02');
INSERT INTO `media` (`id`, `media_type_id`, `user_id`, `body`, `filename`, `size`, `metadata`, `created_at`, `updated_at`) VALUES ('35', '35', '261', 'Nesciunt ipsum ut repellat eos. Dignissimos amet quia quas totam earum aut non. Repellendus amet laboriosam itaque repellat iure sunt.', 'et', 7950, '8', '1999-03-01 05:29:51', '1976-04-12 02:30:23');
INSERT INTO `media` (`id`, `media_type_id`, `user_id`, `body`, `filename`, `size`, `metadata`, `created_at`, `updated_at`) VALUES ('36', '36', '262', 'Laudantium reiciendis asperiores voluptatum incidunt ea vel sit. Similique doloremque deleniti eum aut. Eaque distinctio soluta est inventore ut.', 'exercitationem', 916828380, '', '1997-05-10 02:26:48', '1990-10-21 14:54:56');
INSERT INTO `media` (`id`, `media_type_id`, `user_id`, `body`, `filename`, `size`, `metadata`, `created_at`, `updated_at`) VALUES ('37', '37', '263', 'Et autem ea inventore. Aperiam accusantium unde deserunt. Aliquam quasi eos dignissimos quaerat accusantium incidunt necessitatibus.', 'commodi', 3422, '1751606', '1978-12-17 15:07:39', '1985-11-17 14:18:59');
INSERT INTO `media` (`id`, `media_type_id`, `user_id`, `body`, `filename`, `size`, `metadata`, `created_at`, `updated_at`) VALUES ('38', '38', '265', 'Vel voluptatem sint ex dicta. Tempore voluptatum iure nulla quam.', 'cupiditate', 558, '68615', '2007-11-02 14:38:07', '2006-05-22 09:47:19');
INSERT INTO `media` (`id`, `media_type_id`, `user_id`, `body`, `filename`, `size`, `metadata`, `created_at`, `updated_at`) VALUES ('39', '39', '267', 'Architecto ipsa dolore modi fuga. Saepe natus aliquid est qui magni molestias dolorum. Accusantium est accusamus modi quibusdam culpa.', 'perferendis', 3, '2506114', '1975-12-04 07:37:58', '2012-08-28 01:41:28');
INSERT INTO `media` (`id`, `media_type_id`, `user_id`, `body`, `filename`, `size`, `metadata`, `created_at`, `updated_at`) VALUES ('40', '40', '270', 'Sequi nihil beatae fugiat facere sint qui laborum. In aut qui ut incidunt. Quo fuga aut quos ut id sint assumenda. Explicabo ut accusamus culpa et inventore quasi eum.', 'aut', 44, '7769', '1977-03-06 19:18:03', '2002-09-16 00:50:33');
INSERT INTO `media` (`id`, `media_type_id`, `user_id`, `body`, `filename`, `size`, `metadata`, `created_at`, `updated_at`) VALUES ('41', '41', '272', 'Eaque tenetur sint expedita officia quisquam tempore. Ut corrupti ipsum dicta iure. Dolore ullam accusantium id cum sequi ducimus nostrum repudiandae.', 'itaque', 882945673, '68326', '2004-05-08 12:03:58', '1976-12-21 03:15:04');
INSERT INTO `media` (`id`, `media_type_id`, `user_id`, `body`, `filename`, `size`, `metadata`, `created_at`, `updated_at`) VALUES ('42', '42', '274', 'Ex ipsa nesciunt beatae sit expedita rerum. Eaque asperiores nisi quasi nesciunt fuga ut ea. Eum impedit unde ratione. Rem deserunt placeat rem quasi quo.', 'culpa', 60317270, '90526881', '1999-09-17 03:21:00', '1977-01-22 04:26:20');
INSERT INTO `media` (`id`, `media_type_id`, `user_id`, `body`, `filename`, `size`, `metadata`, `created_at`, `updated_at`) VALUES ('43', '43', '275', 'Aut hic accusantium autem cumque ut aliquam rerum quis. Odit in inventore ipsa provident deserunt ut magni. Debitis non est eligendi ex. Ullam officiis repellendus molestiae qui recusandae molestias eos.', 'fugiat', 71, '1867', '2001-05-26 16:28:02', '2004-03-18 22:02:56');
INSERT INTO `media` (`id`, `media_type_id`, `user_id`, `body`, `filename`, `size`, `metadata`, `created_at`, `updated_at`) VALUES ('44', '44', '276', 'Vero recusandae eaque aliquam qui dolorem deleniti eveniet quidem. Rerum voluptatum autem nobis non. Suscipit dolor repellat quis at aliquid cumque. Voluptatem molestiae incidunt assumenda eaque soluta maxime.', 'optio', 0, '74736918', '1984-01-14 10:36:40', '1979-08-16 20:30:51');
INSERT INTO `media` (`id`, `media_type_id`, `user_id`, `body`, `filename`, `size`, `metadata`, `created_at`, `updated_at`) VALUES ('45', '45', '277', 'Ut qui omnis ut necessitatibus. Quod labore sunt earum consequatur doloremque ut et. Porro enim dolorem labore est nulla fuga debitis. Recusandae ipsa nemo aut eum porro asperiores.', 'soluta', 0, '8487', '1992-02-19 13:30:22', '1986-01-22 22:06:33');
INSERT INTO `media` (`id`, `media_type_id`, `user_id`, `body`, `filename`, `size`, `metadata`, `created_at`, `updated_at`) VALUES ('46', '46', '280', 'Distinctio aperiam cupiditate sit qui. Omnis quas quis quia enim aperiam eum et. Rerum temporibus quia sint omnis voluptate quidem nesciunt. Doloremque et a rerum. Accusantium omnis fuga aut nulla.', 'quibusdam', 4265418, '69412', '2012-06-24 03:51:07', '2000-08-06 22:59:18');
INSERT INTO `media` (`id`, `media_type_id`, `user_id`, `body`, `filename`, `size`, `metadata`, `created_at`, `updated_at`) VALUES ('47', '47', '281', 'Impedit doloribus id qui odit doloribus aliquam. Aspernatur et tempore qui. Sit est expedita provident non perspiciatis architecto totam. Rerum veniam adipisci ipsa eaque quidem a.', 'omnis', 465232, '41834', '2002-11-28 06:47:15', '1970-05-17 06:59:53');
INSERT INTO `media` (`id`, `media_type_id`, `user_id`, `body`, `filename`, `size`, `metadata`, `created_at`, `updated_at`) VALUES ('48', '48', '282', 'Dicta iusto dolor quam nesciunt delectus. Aliquam et et voluptatem atque.', 'aperiam', 98585492, '3550510', '1977-09-02 15:17:12', '1998-03-01 18:05:36');
INSERT INTO `media` (`id`, `media_type_id`, `user_id`, `body`, `filename`, `size`, `metadata`, `created_at`, `updated_at`) VALUES ('49', '49', '283', 'Quis libero odit officia dolorem. Eaque distinctio dolores unde aliquid. Tempore cumque cumque iusto id. Ut amet dolorem et cupiditate nostrum consectetur laudantium.', 'ut', 956541112, '185090', '1970-12-07 15:29:18', '2012-05-15 00:32:24');
INSERT INTO `media` (`id`, `media_type_id`, `user_id`, `body`, `filename`, `size`, `metadata`, `created_at`, `updated_at`) VALUES ('50', '50', '285', 'Corrupti quisquam et voluptates enim fugiat. Aspernatur enim accusamus earum. Illum sunt aliquid sit.', 'distinctio', 6, '50', '2011-05-21 18:45:40', '2006-11-05 14:00:18');
INSERT INTO `media` (`id`, `media_type_id`, `user_id`, `body`, `filename`, `size`, `metadata`, `created_at`, `updated_at`) VALUES ('51', '51', '286', 'Recusandae quaerat ullam quo dignissimos voluptas. Omnis officia ex libero cum dignissimos doloribus culpa exercitationem.', 'quia', 3, '180169', '1994-01-04 10:51:35', '1972-05-17 10:40:25');
INSERT INTO `media` (`id`, `media_type_id`, `user_id`, `body`, `filename`, `size`, `metadata`, `created_at`, `updated_at`) VALUES ('52', '52', '287', 'Suscipit dolores eligendi similique eos non harum. Aliquam consequatur architecto est vitae labore debitis alias. Facere sit expedita ab odio necessitatibus minima inventore eius. Qui dolor qui odit ducimus rerum.', 'sunt', 164708, '', '1983-07-27 15:29:57', '1989-04-12 06:56:27');
INSERT INTO `media` (`id`, `media_type_id`, `user_id`, `body`, `filename`, `size`, `metadata`, `created_at`, `updated_at`) VALUES ('53', '53', '290', 'Vero est fuga aut excepturi non nihil pariatur. Distinctio eum dicta ut impedit qui et officiis eius. Reprehenderit aut doloribus nobis doloribus maxime doloribus.', 'facilis', 27858503, '', '1984-05-13 20:14:38', '1973-08-19 22:49:32');
INSERT INTO `media` (`id`, `media_type_id`, `user_id`, `body`, `filename`, `size`, `metadata`, `created_at`, `updated_at`) VALUES ('54', '54', '293', 'Voluptas ullam et esse voluptas consequatur ab in qui. Veniam ut et fugiat veniam laboriosam repellat.', 'rem', 91, '', '2007-05-28 11:03:38', '1979-10-02 17:29:36');
INSERT INTO `media` (`id`, `media_type_id`, `user_id`, `body`, `filename`, `size`, `metadata`, `created_at`, `updated_at`) VALUES ('55', '55', '297', 'Quisquam iusto est in ea. Aliquam delectus eaque amet accusamus sit ut repellat et. Cumque eos quo iste ut sunt ut ea nostrum. Quo ut quo unde minus.', 'ut', 9, '35078495', '2006-09-24 03:16:09', '2014-02-12 21:22:27');
INSERT INTO `media` (`id`, `media_type_id`, `user_id`, `body`, `filename`, `size`, `metadata`, `created_at`, `updated_at`) VALUES ('56', '56', '299', 'Perspiciatis unde consectetur voluptatem laboriosam. Est aut aut accusamus corporis distinctio occaecati sit. Molestiae necessitatibus sint excepturi eos illo officia. Hic est nihil quo odit repudiandae.', 'eum', 0, '1688', '1998-06-09 17:43:04', '1980-10-27 05:37:49');
INSERT INTO `media` (`id`, `media_type_id`, `user_id`, `body`, `filename`, `size`, `metadata`, `created_at`, `updated_at`) VALUES ('57', '57', '300', 'Distinctio enim et cupiditate soluta. Consequatur dolor facere nam et. Est placeat hic omnis ea in iure libero. Sint qui sit facere quis.', 'numquam', 9591862, '44275421', '2011-06-12 04:40:59', '2015-11-04 17:27:37');
INSERT INTO `media` (`id`, `media_type_id`, `user_id`, `body`, `filename`, `size`, `metadata`, `created_at`, `updated_at`) VALUES ('58', '58', '303', 'Ea omnis ducimus cumque eos. Quis quasi modi sapiente tempore ex error. Neque voluptates esse tenetur consectetur excepturi dolorem ducimus.', 'doloribus', 1323, '83328972', '1996-05-08 14:21:15', '1972-09-04 02:55:50');
INSERT INTO `media` (`id`, `media_type_id`, `user_id`, `body`, `filename`, `size`, `metadata`, `created_at`, `updated_at`) VALUES ('59', '59', '306', 'Sapiente voluptate omnis doloremque. Est esse occaecati et. Maiores quaerat molestiae consequatur sunt.', 'autem', 9208937, '8', '2012-07-30 12:22:47', '1977-12-29 09:49:25');
INSERT INTO `media` (`id`, `media_type_id`, `user_id`, `body`, `filename`, `size`, `metadata`, `created_at`, `updated_at`) VALUES ('60', '60', '307', 'Voluptatem quia quo minus qui sequi sit corporis. Est et aut quis totam quas. Numquam necessitatibus sed occaecati.', 'dignissimos', 7879, '102940997', '2015-11-13 16:42:17', '1980-03-05 12:18:02');
INSERT INTO `media` (`id`, `media_type_id`, `user_id`, `body`, `filename`, `size`, `metadata`, `created_at`, `updated_at`) VALUES ('61', '61', '308', 'Quasi illo et dolor modi ullam eius ut. Voluptas optio qui et eaque.', 'voluptatem', 4456553, '879655426', '1993-01-08 00:23:49', '2017-07-09 05:25:08');
INSERT INTO `media` (`id`, `media_type_id`, `user_id`, `body`, `filename`, `size`, `metadata`, `created_at`, `updated_at`) VALUES ('62', '62', '309', 'Excepturi inventore eos quia sed ut odio quisquam. Aut consequatur iste qui quia veritatis excepturi. Ipsum aut excepturi facere in qui. Quisquam pariatur voluptates eos sunt voluptatum.', 'iure', 299, '20708366', '1998-12-01 19:19:02', '1980-01-27 09:07:35');
INSERT INTO `media` (`id`, `media_type_id`, `user_id`, `body`, `filename`, `size`, `metadata`, `created_at`, `updated_at`) VALUES ('63', '63', '311', 'Dolorum nulla voluptatem aut sequi dicta odio. Quo sapiente voluptatem accusamus aut modi magni at animi. Delectus ut veritatis dolor fugit tempore hic eius. Qui neque et aut deleniti beatae. Ex est exercitationem quis libero occaecati nobis nulla.', 'delectus', 0, '', '1974-07-16 11:40:24', '1986-10-12 08:01:46');
INSERT INTO `media` (`id`, `media_type_id`, `user_id`, `body`, `filename`, `size`, `metadata`, `created_at`, `updated_at`) VALUES ('64', '64', '313', 'Unde fugiat a sit ex reprehenderit. Quo consequatur est tempore sit alias blanditiis. Ad repudiandae dolorum a aliquam. Est alias occaecati quos eveniet.', 'assumenda', 618538896, '52620', '1971-12-28 17:05:24', '2013-03-29 04:08:07');
INSERT INTO `media` (`id`, `media_type_id`, `user_id`, `body`, `filename`, `size`, `metadata`, `created_at`, `updated_at`) VALUES ('65', '65', '314', 'Praesentium impedit pariatur asperiores qui. Velit fuga quia et porro quibusdam quia facilis. Quia velit iste repellendus tempora corrupti dolores culpa.', 'magnam', 6053, '37732', '1983-12-04 15:24:38', '1994-11-04 06:10:15');
INSERT INTO `media` (`id`, `media_type_id`, `user_id`, `body`, `filename`, `size`, `metadata`, `created_at`, `updated_at`) VALUES ('66', '66', '315', 'Laudantium dolores voluptate autem et minima inventore non. Optio quo in tenetur quo vel recusandae eos sequi. Est tempore quaerat voluptatem neque fugiat. Officiis cumque ad fugiat unde suscipit.', 'optio', 4249336, '766417973', '1974-01-06 15:11:17', '1993-10-05 09:56:09');
INSERT INTO `media` (`id`, `media_type_id`, `user_id`, `body`, `filename`, `size`, `metadata`, `created_at`, `updated_at`) VALUES ('67', '67', '318', 'In aut inventore quam. Sed voluptates ex ratione nisi assumenda. Sequi rerum rem ad aut. Eius incidunt quasi consequatur suscipit.', 'quae', 6870, '66', '1992-06-10 06:03:20', '2011-10-12 17:51:17');
INSERT INTO `media` (`id`, `media_type_id`, `user_id`, `body`, `filename`, `size`, `metadata`, `created_at`, `updated_at`) VALUES ('68', '68', '319', 'Tempora mollitia similique est sed provident earum. Dolor voluptatum ullam ipsa eum et omnis. Aliquam et aperiam omnis quo corrupti molestias velit. Saepe dolor aut esse repellat vel.', 'alias', 761053973, '589', '1998-06-14 11:29:46', '1979-02-06 04:58:48');
INSERT INTO `media` (`id`, `media_type_id`, `user_id`, `body`, `filename`, `size`, `metadata`, `created_at`, `updated_at`) VALUES ('69', '69', '320', 'Quae et deleniti consequatur ut quia assumenda vel. Eum harum quibusdam quam aut neque voluptate voluptas. Pariatur nam hic aut temporibus et tempore aliquam placeat. Repudiandae delectus eveniet sunt consequatur et.', 'aperiam', 5689462, '4212', '1971-04-19 14:54:34', '1997-06-16 03:43:36');
INSERT INTO `media` (`id`, `media_type_id`, `user_id`, `body`, `filename`, `size`, `metadata`, `created_at`, `updated_at`) VALUES ('70', '70', '322', 'Iusto consequatur vel ipsum libero. Odit ipsam sequi omnis repudiandae. Eius dolorem consectetur quia similique ea esse. Numquam animi est ea.', 'voluptatem', 34914502, '6959', '2012-09-13 17:09:50', '1999-03-21 10:23:27');
INSERT INTO `media` (`id`, `media_type_id`, `user_id`, `body`, `filename`, `size`, `metadata`, `created_at`, `updated_at`) VALUES ('71', '71', '325', 'Laudantium omnis architecto est praesentium est laboriosam voluptate. Quibusdam unde tempora repellendus aliquam. Pariatur facere id dignissimos occaecati dolores commodi et ipsum.', 'incidunt', 81366827, '78829972', '1993-12-14 06:03:56', '1994-10-23 15:40:57');
INSERT INTO `media` (`id`, `media_type_id`, `user_id`, `body`, `filename`, `size`, `metadata`, `created_at`, `updated_at`) VALUES ('72', '72', '327', 'Accusantium voluptatibus id sint enim id sapiente sit voluptatem. Explicabo hic occaecati dolor distinctio quae hic. Facere sunt sapiente illo fuga rem voluptatem.', 'nulla', 2310723, '267889', '1978-11-14 03:28:32', '1997-05-27 19:23:20');
INSERT INTO `media` (`id`, `media_type_id`, `user_id`, `body`, `filename`, `size`, `metadata`, `created_at`, `updated_at`) VALUES ('73', '73', '328', 'Occaecati iusto laudantium porro assumenda debitis. Suscipit velit sapiente ex consequatur non. Dolores dolores vero et et dignissimos a.', 'dolores', 8692, '70351141', '2002-11-08 05:16:20', '1987-12-15 06:24:38');
INSERT INTO `media` (`id`, `media_type_id`, `user_id`, `body`, `filename`, `size`, `metadata`, `created_at`, `updated_at`) VALUES ('74', '74', '332', 'Debitis fugiat qui et aut architecto rerum. Nisi commodi aliquam impedit laborum voluptatem quam recusandae. Non ratione dolores omnis non sequi. Fugit et temporibus cum officiis totam deserunt in voluptatibus. Reiciendis cumque nihil ut minima eligendi.', 'est', 8, '63644921', '2014-05-08 11:42:11', '1978-10-19 02:20:37');
INSERT INTO `media` (`id`, `media_type_id`, `user_id`, `body`, `filename`, `size`, `metadata`, `created_at`, `updated_at`) VALUES ('75', '75', '333', 'Quae voluptatem repudiandae qui rerum reiciendis voluptas enim. Suscipit architecto ut molestiae consectetur.', 'cupiditate', 35801188, '168', '2020-02-28 09:44:00', '1987-03-18 08:34:56');
INSERT INTO `media` (`id`, `media_type_id`, `user_id`, `body`, `filename`, `size`, `metadata`, `created_at`, `updated_at`) VALUES ('76', '76', '334', 'Molestias quia commodi officia. Voluptatem voluptatem excepturi non est rerum. Sed quis dolore autem ut.', 'vel', 737380, '30968268', '1982-06-05 13:25:42', '2020-01-20 20:44:49');
INSERT INTO `media` (`id`, `media_type_id`, `user_id`, `body`, `filename`, `size`, `metadata`, `created_at`, `updated_at`) VALUES ('77', '77', '337', 'Eum sunt qui perferendis facilis perferendis culpa provident ut. Voluptas deserunt recusandae optio magni rerum eos. Eos eveniet iusto aperiam est nobis. Omnis vel neque facere.', 'vero', 0, '18330', '2014-07-10 13:12:29', '1979-02-02 21:37:20');
INSERT INTO `media` (`id`, `media_type_id`, `user_id`, `body`, `filename`, `size`, `metadata`, `created_at`, `updated_at`) VALUES ('78', '78', '339', 'Nihil quo quos voluptas quo id. Provident unde non nobis quod. Qui sit omnis omnis quia vero dignissimos.', 'magni', 2552107, '6', '2014-04-20 06:54:38', '1982-10-28 13:03:47');
INSERT INTO `media` (`id`, `media_type_id`, `user_id`, `body`, `filename`, `size`, `metadata`, `created_at`, `updated_at`) VALUES ('79', '79', '340', 'Provident illo adipisci assumenda aliquam minus eveniet. Perferendis provident non consequatur enim quaerat est rerum. Blanditiis modi enim quia deleniti eum quia ipsum. Iste corrupti ut earum labore.', 'iste', 313695, '924751', '1974-02-14 23:14:20', '2019-10-18 07:41:39');
INSERT INTO `media` (`id`, `media_type_id`, `user_id`, `body`, `filename`, `size`, `metadata`, `created_at`, `updated_at`) VALUES ('80', '80', '341', 'Eos et dolorem totam ea sequi quidem. Soluta repudiandae dolor et ut officia. Voluptatem debitis delectus animi nesciunt voluptate.', 'animi', 8, '54554', '1991-08-01 17:38:38', '2019-12-02 01:32:20');
INSERT INTO `media` (`id`, `media_type_id`, `user_id`, `body`, `filename`, `size`, `metadata`, `created_at`, `updated_at`) VALUES ('81', '81', '343', 'Voluptate ab minima laborum. Illo eum eveniet magnam delectus. Saepe vel assumenda qui quia error culpa. Eligendi placeat fugit eveniet eos dignissimos architecto impedit.', 'ipsa', 162, '46217', '1994-01-24 20:46:14', '1970-08-02 09:51:08');
INSERT INTO `media` (`id`, `media_type_id`, `user_id`, `body`, `filename`, `size`, `metadata`, `created_at`, `updated_at`) VALUES ('82', '82', '344', 'Quos aut fuga rerum et qui nisi nihil. Voluptatem ea minima accusamus harum adipisci. Dolorum rerum perspiciatis et blanditiis suscipit est minima. Blanditiis possimus ea omnis incidunt.', 'deserunt', 3806387, '62846', '2008-06-19 01:18:23', '1999-03-11 20:23:17');
INSERT INTO `media` (`id`, `media_type_id`, `user_id`, `body`, `filename`, `size`, `metadata`, `created_at`, `updated_at`) VALUES ('83', '83', '345', 'Nisi deleniti cupiditate voluptas eum nesciunt voluptas. Consequuntur totam ipsa architecto voluptates omnis maxime nulla. Laudantium veritatis ipsam sed rerum et et accusamus maxime.', 'eum', 5643, '', '1998-11-24 05:17:06', '2011-11-21 18:16:21');
INSERT INTO `media` (`id`, `media_type_id`, `user_id`, `body`, `filename`, `size`, `metadata`, `created_at`, `updated_at`) VALUES ('84', '84', '347', 'Dolore in praesentium numquam molestiae sed aut. Rerum quia voluptates consequuntur molestiae dolorem. Impedit autem facilis illo.', 'eveniet', 749, '59315', '2008-09-25 08:03:38', '2012-01-27 08:43:46');
INSERT INTO `media` (`id`, `media_type_id`, `user_id`, `body`, `filename`, `size`, `metadata`, `created_at`, `updated_at`) VALUES ('85', '85', '348', 'Consequatur quidem qui voluptatum. Quas aut earum sed maxime cumque est ipsum.', 'voluptatum', 7134039, '7933', '2012-11-24 23:28:18', '2017-01-20 16:42:32');
INSERT INTO `media` (`id`, `media_type_id`, `user_id`, `body`, `filename`, `size`, `metadata`, `created_at`, `updated_at`) VALUES ('86', '86', '349', 'Fugit cumque enim est accusantium qui eum. Vero odit aut ut aliquid veniam. Doloribus tempore minima quibusdam et odit.', 'et', 189071737, '5827', '1971-06-04 19:58:44', '2008-11-03 08:49:31');
INSERT INTO `media` (`id`, `media_type_id`, `user_id`, `body`, `filename`, `size`, `metadata`, `created_at`, `updated_at`) VALUES ('87', '87', '350', 'Consequatur dolor omnis animi mollitia impedit et id. Repellat quis enim quas nesciunt est blanditiis omnis. Eaque dolorem modi sed consequatur necessitatibus accusamus dolor. Reprehenderit eveniet ut deserunt magni a. Voluptatem vitae quibusdam odit debitis eveniet.', 'doloremque', 2119628, '446627', '2011-08-16 14:26:54', '1992-07-05 16:51:13');
INSERT INTO `media` (`id`, `media_type_id`, `user_id`, `body`, `filename`, `size`, `metadata`, `created_at`, `updated_at`) VALUES ('88', '88', '351', 'Ut ducimus tenetur dignissimos. Fuga ut voluptatum eligendi est vel nulla. Corporis possimus quas pariatur similique quibusdam est.', 'ex', 7, '644', '1981-01-21 22:17:02', '2017-03-16 23:06:39');
INSERT INTO `media` (`id`, `media_type_id`, `user_id`, `body`, `filename`, `size`, `metadata`, `created_at`, `updated_at`) VALUES ('89', '89', '356', 'Blanditiis voluptatem minima quisquam sunt vitae vitae quo. Ea magni tempora natus dolorem inventore. Libero dolores qui assumenda earum commodi corrupti reprehenderit. Libero neque assumenda consequatur eos tenetur ut.', 'error', 3885740, '2', '2002-06-05 16:56:01', '1994-03-11 00:56:19');
INSERT INTO `media` (`id`, `media_type_id`, `user_id`, `body`, `filename`, `size`, `metadata`, `created_at`, `updated_at`) VALUES ('90', '90', '357', 'Nemo assumenda velit delectus possimus error saepe. Qui excepturi voluptas harum similique et earum ab velit. Vel saepe odio debitis. Ut exercitationem animi rerum neque expedita omnis.', 'consequuntur', 6219486, '592', '1974-07-27 09:49:29', '2000-10-29 02:38:09');
INSERT INTO `media` (`id`, `media_type_id`, `user_id`, `body`, `filename`, `size`, `metadata`, `created_at`, `updated_at`) VALUES ('91', '91', '358', 'Vitae mollitia praesentium distinctio occaecati aut. Aliquid quod eum architecto adipisci sed dignissimos. Fuga laudantium dolor deserunt culpa incidunt veniam quos.', 'sunt', 29908712, '9', '1977-06-09 18:06:01', '1983-12-09 02:18:49');
INSERT INTO `media` (`id`, `media_type_id`, `user_id`, `body`, `filename`, `size`, `metadata`, `created_at`, `updated_at`) VALUES ('92', '92', '360', 'Explicabo est perferendis facilis cum suscipit. Natus distinctio molestias magni consectetur. Similique et pariatur veniam quibusdam aliquam veniam hic.', 'dolor', 240, '81807898', '1980-06-24 17:40:08', '2015-08-14 19:05:22');
INSERT INTO `media` (`id`, `media_type_id`, `user_id`, `body`, `filename`, `size`, `metadata`, `created_at`, `updated_at`) VALUES ('93', '93', '361', 'Ut sit ad sit vel optio. Temporibus minus suscipit autem explicabo. Blanditiis ipsum provident numquam sit eum cupiditate. Ex omnis et unde aliquam eaque molestias officia.', 'vel', 35, '7054', '1998-07-19 12:20:30', '1978-11-09 12:05:00');
INSERT INTO `media` (`id`, `media_type_id`, `user_id`, `body`, `filename`, `size`, `metadata`, `created_at`, `updated_at`) VALUES ('94', '94', '362', 'Iure officia cupiditate quia autem culpa omnis. Quis et aut sed. Consequatur sapiente incidunt soluta.', 'possimus', 37590, '413093', '1990-03-01 04:25:48', '2013-06-19 14:31:26');
INSERT INTO `media` (`id`, `media_type_id`, `user_id`, `body`, `filename`, `size`, `metadata`, `created_at`, `updated_at`) VALUES ('95', '95', '364', 'Voluptas reprehenderit quidem recusandae ut culpa necessitatibus sed. Mollitia exercitationem atque quas quidem rem accusantium non. Nisi delectus eligendi dolores nobis aut dolorem. Assumenda dolorem accusantium eius voluptate sapiente.', 'sapiente', 160, '4', '2003-04-01 18:45:03', '2011-10-25 16:23:20');
INSERT INTO `media` (`id`, `media_type_id`, `user_id`, `body`, `filename`, `size`, `metadata`, `created_at`, `updated_at`) VALUES ('96', '96', '368', 'Occaecati sed debitis sunt at. In sed et ad cum sed ab recusandae. Assumenda corrupti magnam consequatur necessitatibus.', 'nisi', 1, '', '1983-11-25 06:54:30', '1992-11-08 16:55:37');
INSERT INTO `media` (`id`, `media_type_id`, `user_id`, `body`, `filename`, `size`, `metadata`, `created_at`, `updated_at`) VALUES ('97', '97', '370', 'Vero et ea mollitia magni repudiandae. Omnis vitae est odit libero. Odio nobis id aliquid suscipit veritatis.', 'et', 1571473, '7325', '1997-07-15 03:58:05', '2013-08-31 20:18:22');
INSERT INTO `media` (`id`, `media_type_id`, `user_id`, `body`, `filename`, `size`, `metadata`, `created_at`, `updated_at`) VALUES ('98', '98', '371', 'Et pariatur odio qui accusamus pariatur eligendi minima. Sunt optio molestias aut. Quam ut neque autem aut voluptate dolorum.', 'nesciunt', 384706, '81934', '2010-11-03 22:04:40', '1990-02-03 13:06:45');
INSERT INTO `media` (`id`, `media_type_id`, `user_id`, `body`, `filename`, `size`, `metadata`, `created_at`, `updated_at`) VALUES ('99', '99', '373', 'Atque omnis iusto maxime error voluptas perspiciatis. Accusamus esse nihil qui consequatur porro. Dolorem ea commodi sunt qui sit quaerat. A quos adipisci quasi quibusdam nisi sapiente perspiciatis repudiandae.', 'dignissimos', 73, '137', '1975-03-16 21:04:17', '2003-04-23 16:57:58');
INSERT INTO `media` (`id`, `media_type_id`, `user_id`, `body`, `filename`, `size`, `metadata`, `created_at`, `updated_at`) VALUES ('100', '100', '375', 'Eius sequi praesentium sequi. Et rerum quaerat dolorem. In aliquid consequuntur excepturi in vel in. Omnis consequuntur laborum porro eligendi amet ut deserunt.', 'necessitatibus', 984369133, '71821668', '2004-05-03 05:43:18', '2018-11-13 19:16:06');

#
# TABLE STRUCTURE FOR: profiles
#

DROP TABLE IF EXISTS `profiles`;

CREATE TABLE `profiles` (
  `user_id` bigint(20) unsigned NOT NULL AUTO_INCREMENT,
  `gender` char(1) COLLATE utf8_unicode_ci DEFAULT NULL,
  `birthday` date DEFAULT NULL,
  `photo_id` bigint(20) unsigned DEFAULT NULL,
  `created_at` datetime DEFAULT current_timestamp(),
  `hometown` varchar(100) COLLATE utf8_unicode_ci DEFAULT NULL,
  PRIMARY KEY (`user_id`),
  KEY `photo_id` (`photo_id`),
  CONSTRAINT `profiles_ibfk_1` FOREIGN KEY (`user_id`) REFERENCES `users` (`id`) ON UPDATE CASCADE,
  CONSTRAINT `profiles_ibfk_2` FOREIGN KEY (`photo_id`) REFERENCES `media` (`id`)
) ENGINE=InnoDB AUTO_INCREMENT=7201 DEFAULT CHARSET=utf8 COLLATE=utf8_unicode_ci;

INSERT INTO `profiles` VALUES ('1','1','2015-07-18','47','2001-02-24 03:57:50','Tessmouth'),
('2','1','1978-07-21','15','2016-03-12 23:07:56','Port Gladyce'),
('3','1','1999-10-28','160','2001-01-10 06:58:43','Chynafurt'),
('4','1','1980-10-26','22','1985-07-22 01:27:43','Dietrichland'),
('5','1','1981-04-11','22','1995-08-05 14:42:32','Port Beulahport'),
('6','','2012-05-25','90','2005-10-09 07:42:00','Framiside'),
('7','','1989-11-18','183','2013-08-05 14:02:24','Lake Zetta'),
('8','1','2001-11-05','170','2004-06-14 10:07:39','Bodeside'),
('9','','2017-03-01','114','1994-09-18 05:45:07','South Victorshire'),
('10','','1985-02-11','70','1996-03-18 09:32:52','Schowalterstad'),
('11','1','2008-08-19','135','2016-01-14 19:45:28','North Nickolas'),
('12','','1972-04-30','52','1971-06-02 07:51:02','New Vernice'),
('13','','2019-08-09','39','1996-03-12 20:39:05','Port Josianeview'),
('14','','1978-02-06','198','1996-01-16 20:09:41','Port Joesphmouth'),
('15','1','2009-01-25','50','1992-06-25 15:02:16','Port Bradlyside'),
('16','','1981-05-01','114','2009-06-08 05:15:40','South Websterland'),
('17','1','1996-07-12','33','1972-07-28 21:40:51','Ziemeland'),
('18','','1981-12-03','107','1999-09-04 21:28:15','Casandrastad'),
('19','','1987-07-23','193','2012-01-02 15:33:33','South Ashleigh'),
('20','1','2010-08-09','160','2013-05-31 05:52:18','East Kenna'),
('21','','2007-12-23','192','1988-09-22 11:20:37','Larkinton'),
('22','1','1994-05-02','16','1976-04-03 09:45:44','Marquardtside'),
('23','1','1985-12-01','157','2011-02-18 03:28:00','South Dudley'),
('24','1','1983-06-09','23','2008-11-27 16:26:39','Clareborough'),
('25','1','2014-12-16','86','1984-10-23 17:55:02','Prohaskafurt'),
('26','1','2013-07-26','105','1997-11-24 12:22:07','Lake Dulce'),
('27','','1985-12-20','163','1993-10-29 19:49:47','North Alisabury'),
('28','1','1980-09-27','132','2000-04-11 14:18:37','Port Dale'),
('29','1','2019-12-28','130','1987-11-08 18:47:35','Tillmanberg'),
('30','1','2016-02-18','101','2016-09-23 13:12:11','Jewelport'),
('31','1','1988-06-15','7','2006-01-27 11:04:43','Hazlebury'),
('32','','2003-10-31','13','1998-01-25 02:34:29','West Onieton'),
('33','','2015-06-22','78','1984-10-18 21:37:27','Port Kaley'),
('34','1','2007-04-06','175','1978-12-20 02:29:32','Barrowsmouth'),
('35','','2010-04-02','37','1970-06-09 06:13:13','Dallintown'),
('36','1','2016-10-23','140','2015-08-11 08:58:11','Lake Jan'),
('37','','2012-08-05','197','1984-05-22 22:54:42','Port Carsonport'),
('38','','1991-09-15','138','1994-12-05 07:05:52','New Ora'),
('39','','2010-09-19','102','2006-08-18 17:36:44','Lake Rusty'),
('40','','1971-12-28','2','1980-03-26 10:22:33','New Shannon'),
('41','1','2005-03-07','124','1976-07-29 12:14:44','Paucekmouth'),
('42','1','1987-06-19','19','2010-03-27 04:53:43','Gerlachmouth'),
('43','','1989-12-28','6','2009-06-24 11:11:51','East Wava'),
('44','','2016-11-29','100','1984-11-22 20:48:46','Meaganborough'),
('45','','2016-11-03','179','2019-02-10 14:01:56','Corinemouth'),
('46','','1996-12-29','81','2017-11-26 21:29:09','Port Nella'),
('47','','1977-01-28','97','2008-01-13 15:36:11','New Ford'),
('48','','1982-10-05','40','1977-04-27 19:16:26','Beahanton'),
('49','1','1996-05-26','74','2002-03-30 04:36:14','East Edwin'),
('50','','1971-06-01','2','2004-03-21 05:53:55','Gulgowskiview'),
('51','1','1990-10-26','156','1993-12-31 00:22:43','Lehnershire'),
('52','1','2002-11-07','179','2009-03-23 21:19:11','North Sidney'),
('53','1','1997-05-26','179','1976-04-16 02:27:17','Nolaside'),
('54','1','1988-10-13','60','1999-01-12 14:06:29','Tyreekberg'),
('55','1','1995-08-03','116','2010-05-23 04:51:19','East Armandobury'),
('56','','1995-06-13','85','2002-11-03 18:29:40','O\'Haraborough'),
('57','','1971-02-28','48','1999-04-17 05:19:36','North Damionville'),
('58','1','1989-09-13','143','1999-10-28 07:52:59','Port Sethtown'),
('59','','1991-10-30','166','1998-08-21 21:49:56','New Calista'),
('60','1','1998-02-25','87','2002-08-25 14:13:18','North Jaclynmouth'),
('61','1','2018-01-22','154','1970-06-19 10:20:09','West Sydniview'),
('62','','1998-05-15','32','1991-12-29 19:55:25','Hackettborough'),
('63','','1981-05-22','58','1996-12-19 18:52:29','Purdychester'),
('64','','1983-03-19','77','2015-06-12 02:23:58','Trompburgh'),
('65','1','1989-05-16','19','1990-09-29 20:24:03','Rathside'),
('66','','1998-11-10','108','2010-01-15 21:49:02','Lakinside'),
('67','1','1995-03-04','12','2010-11-19 13:00:26','Medhurstshire'),
('68','','2014-03-08','184','1975-07-07 07:37:37','South Karleebury'),
('69','1','1997-10-12','110','2003-05-24 23:58:00','Lake Bonita'),
('70','','1982-06-11','153','1992-02-21 22:40:01','Veldabury'),
('71','1','1970-07-30','134','2011-03-24 02:14:55','Predovicchester'),
('72','','2013-07-05','1','2018-05-10 20:37:33','South Colt'),
('73','1','1979-06-29','108','1980-06-08 14:40:06','New Madisyn'),
('74','','2018-10-09','29','1994-11-01 23:04:11','Wiegandchester'),
('75','1','2003-11-20','36','1980-06-21 11:53:37','East Ramiro'),
('76','1','2016-04-06','107','2017-05-04 02:29:53','Drakefurt'),
('77','1','2005-04-04','196','2019-12-11 00:05:28','North Paolo'),
('78','1','1978-11-05','12','1976-12-02 07:20:22','New Devynmouth'),
('79','1','1985-12-22','149','1986-04-01 19:21:15','Gradyshire'),
('80','','2005-11-16','6','2001-05-06 18:26:55','West Roscoechester'),
('81','','1976-09-24','153','2012-03-05 21:06:58','Port Geovanymouth'),
('82','','1981-05-24','187','1978-03-09 21:09:18','Haagburgh'),
('83','','1991-03-25','170','1970-02-18 01:14:08','Mullermouth'),
('84','1','1992-01-28','77','1990-12-08 02:10:41','East Jermainetown'),
('85','1','1986-07-06','152','1975-02-14 10:43:00','Francescashire'),
('86','','1975-04-04','178','1979-01-01 12:02:24','East Ebony'),
('87','1','2006-12-31','128','1987-08-04 08:47:32','Dickinsonfort'),
('88','1','1996-12-25','61','1993-04-05 23:10:48','Lake Pinkville'),
('89','1','1998-10-21','75','1981-04-27 09:42:38','South Alshire'),
('90','1','2020-01-12','165','1976-09-29 23:24:24','Kariport'),
('91','','1975-09-20','164','2009-09-28 02:43:48','Wiegandview'),
('92','1','1981-09-09','76','1973-07-25 12:37:44','Lake Amirahaven'),
('93','1','2015-01-13','109','1972-09-07 19:29:37','Mercedesport'),
('94','1','1982-12-14','195','2001-03-08 09:23:05','East Evefurt'),
('95','1','1998-09-13','192','1983-12-16 02:05:38','Port Domenicberg'),
('96','','1998-01-09','192','1996-06-15 03:29:10','South Roscoe'),
('97','1','2019-11-16','186','2011-08-30 05:40:51','Port Maeve'),
('98','','1999-05-08','138','1984-04-22 09:40:12','Lake Travon'),
('99','1','1993-03-14','33','1998-10-15 05:57:18','Dorthaview'),
('100','1','2015-03-14','72','1987-06-03 03:53:19','Mantebury'); 

#
# TABLE STRUCTURE FOR: likes
#

DROP TABLE IF EXISTS `likes`;

CREATE TABLE `likes` (
  `user_id` bigint(20) unsigned NOT NULL,
  `media_id` bigint(20) unsigned NOT NULL,
  `created_at` datetime DEFAULT current_timestamp(),
  PRIMARY KEY (`user_id`,`media_id`),
  KEY `media_id` (`media_id`),
  CONSTRAINT `likes_ibfk_1` FOREIGN KEY (`user_id`) REFERENCES `users` (`id`),
  CONSTRAINT `likes_ibfk_2` FOREIGN KEY (`media_id`) REFERENCES `media` (`id`)
) ENGINE=InnoDB DEFAULT CHARSET=utf8 COLLATE=utf8_unicode_ci;

INSERT INTO `likes` (`user_id`, `media_id`, `created_at`) VALUES ('201', '1', '1977-10-31 09:00:53');
INSERT INTO `likes` (`user_id`, `media_id`, `created_at`) VALUES ('202', '2', '2010-06-09 22:39:31');
INSERT INTO `likes` (`user_id`, `media_id`, `created_at`) VALUES ('203', '3', '2016-12-03 07:29:56');
INSERT INTO `likes` (`user_id`, `media_id`, `created_at`) VALUES ('204', '4', '1977-06-12 12:35:48');
INSERT INTO `likes` (`user_id`, `media_id`, `created_at`) VALUES ('205', '5', '2010-06-08 10:48:25');
INSERT INTO `likes` (`user_id`, `media_id`, `created_at`) VALUES ('207', '6', '1977-10-11 16:40:58');
INSERT INTO `likes` (`user_id`, `media_id`, `created_at`) VALUES ('208', '7', '2019-12-30 11:08:33');
INSERT INTO `likes` (`user_id`, `media_id`, `created_at`) VALUES ('209', '8', '1984-12-01 05:34:06');
INSERT INTO `likes` (`user_id`, `media_id`, `created_at`) VALUES ('210', '9', '1994-07-17 01:40:09');
INSERT INTO `likes` (`user_id`, `media_id`, `created_at`) VALUES ('212', '10', '1971-04-15 04:19:42');
INSERT INTO `likes` (`user_id`, `media_id`, `created_at`) VALUES ('214', '11', '1984-04-25 03:53:10');
INSERT INTO `likes` (`user_id`, `media_id`, `created_at`) VALUES ('215', '12', '1976-06-30 07:56:07');
INSERT INTO `likes` (`user_id`, `media_id`, `created_at`) VALUES ('218', '13', '2005-08-26 21:07:35');
INSERT INTO `likes` (`user_id`, `media_id`, `created_at`) VALUES ('219', '14', '2015-10-26 00:16:23');
INSERT INTO `likes` (`user_id`, `media_id`, `created_at`) VALUES ('221', '15', '1975-04-16 21:23:09');
INSERT INTO `likes` (`user_id`, `media_id`, `created_at`) VALUES ('223', '16', '1971-02-01 08:27:38');
INSERT INTO `likes` (`user_id`, `media_id`, `created_at`) VALUES ('224', '17', '1979-03-15 06:52:15');
INSERT INTO `likes` (`user_id`, `media_id`, `created_at`) VALUES ('231', '18', '1996-06-26 22:12:53');
INSERT INTO `likes` (`user_id`, `media_id`, `created_at`) VALUES ('232', '19', '1974-10-22 05:58:03');
INSERT INTO `likes` (`user_id`, `media_id`, `created_at`) VALUES ('233', '20', '1980-12-16 10:09:33');
INSERT INTO `likes` (`user_id`, `media_id`, `created_at`) VALUES ('234', '21', '1972-01-08 21:01:26');
INSERT INTO `likes` (`user_id`, `media_id`, `created_at`) VALUES ('237', '22', '1981-11-02 12:28:06');
INSERT INTO `likes` (`user_id`, `media_id`, `created_at`) VALUES ('239', '23', '2002-11-13 14:47:19');
INSERT INTO `likes` (`user_id`, `media_id`, `created_at`) VALUES ('240', '24', '1979-05-08 10:18:59');
INSERT INTO `likes` (`user_id`, `media_id`, `created_at`) VALUES ('242', '25', '2010-11-22 03:09:44');
INSERT INTO `likes` (`user_id`, `media_id`, `created_at`) VALUES ('243', '26', '1974-11-19 23:10:45');
INSERT INTO `likes` (`user_id`, `media_id`, `created_at`) VALUES ('244', '27', '1980-01-27 17:24:05');
INSERT INTO `likes` (`user_id`, `media_id`, `created_at`) VALUES ('249', '28', '2010-11-15 13:05:37');
INSERT INTO `likes` (`user_id`, `media_id`, `created_at`) VALUES ('250', '29', '2015-12-18 19:13:17');
INSERT INTO `likes` (`user_id`, `media_id`, `created_at`) VALUES ('252', '30', '2007-05-23 23:41:08');
INSERT INTO `likes` (`user_id`, `media_id`, `created_at`) VALUES ('255', '31', '1998-09-16 05:46:19');
INSERT INTO `likes` (`user_id`, `media_id`, `created_at`) VALUES ('257', '32', '1971-10-13 17:01:48');
INSERT INTO `likes` (`user_id`, `media_id`, `created_at`) VALUES ('258', '33', '1984-11-22 21:57:46');
INSERT INTO `likes` (`user_id`, `media_id`, `created_at`) VALUES ('259', '34', '1973-05-25 05:34:11');
INSERT INTO `likes` (`user_id`, `media_id`, `created_at`) VALUES ('261', '35', '1981-02-02 19:17:53');
INSERT INTO `likes` (`user_id`, `media_id`, `created_at`) VALUES ('262', '36', '2004-08-03 14:24:19');
INSERT INTO `likes` (`user_id`, `media_id`, `created_at`) VALUES ('263', '37', '1980-06-09 22:50:35');
INSERT INTO `likes` (`user_id`, `media_id`, `created_at`) VALUES ('265', '38', '1991-02-26 17:33:29');
INSERT INTO `likes` (`user_id`, `media_id`, `created_at`) VALUES ('267', '39', '1981-10-29 10:25:49');
INSERT INTO `likes` (`user_id`, `media_id`, `created_at`) VALUES ('270', '40', '2016-08-27 23:33:51');
INSERT INTO `likes` (`user_id`, `media_id`, `created_at`) VALUES ('272', '41', '1995-10-15 15:44:22');
INSERT INTO `likes` (`user_id`, `media_id`, `created_at`) VALUES ('274', '42', '2015-04-27 03:04:15');
INSERT INTO `likes` (`user_id`, `media_id`, `created_at`) VALUES ('275', '43', '1995-09-24 07:57:44');
INSERT INTO `likes` (`user_id`, `media_id`, `created_at`) VALUES ('276', '44', '1998-12-04 19:54:00');
INSERT INTO `likes` (`user_id`, `media_id`, `created_at`) VALUES ('277', '45', '2010-04-28 06:42:05');
INSERT INTO `likes` (`user_id`, `media_id`, `created_at`) VALUES ('280', '46', '1972-12-12 01:33:03');
INSERT INTO `likes` (`user_id`, `media_id`, `created_at`) VALUES ('281', '47', '1995-02-13 09:52:19');
INSERT INTO `likes` (`user_id`, `media_id`, `created_at`) VALUES ('282', '48', '1993-08-08 19:44:24');
INSERT INTO `likes` (`user_id`, `media_id`, `created_at`) VALUES ('283', '49', '2007-06-08 18:05:33');
INSERT INTO `likes` (`user_id`, `media_id`, `created_at`) VALUES ('285', '50', '2001-11-06 03:54:34');
INSERT INTO `likes` (`user_id`, `media_id`, `created_at`) VALUES ('286', '51', '1996-10-17 00:48:29');
INSERT INTO `likes` (`user_id`, `media_id`, `created_at`) VALUES ('287', '52', '1977-11-28 10:08:33');
INSERT INTO `likes` (`user_id`, `media_id`, `created_at`) VALUES ('290', '53', '2007-11-12 17:04:25');
INSERT INTO `likes` (`user_id`, `media_id`, `created_at`) VALUES ('293', '54', '2016-11-06 06:38:35');
INSERT INTO `likes` (`user_id`, `media_id`, `created_at`) VALUES ('297', '55', '2012-11-30 14:35:52');
INSERT INTO `likes` (`user_id`, `media_id`, `created_at`) VALUES ('299', '56', '1989-06-08 11:41:07');
INSERT INTO `likes` (`user_id`, `media_id`, `created_at`) VALUES ('300', '57', '1982-07-03 23:12:46');
INSERT INTO `likes` (`user_id`, `media_id`, `created_at`) VALUES ('303', '58', '2012-01-04 12:30:48');
INSERT INTO `likes` (`user_id`, `media_id`, `created_at`) VALUES ('306', '59', '1993-03-01 23:57:49');
INSERT INTO `likes` (`user_id`, `media_id`, `created_at`) VALUES ('307', '60', '1983-08-24 22:10:24');
INSERT INTO `likes` (`user_id`, `media_id`, `created_at`) VALUES ('308', '61', '2013-02-25 23:47:40');
INSERT INTO `likes` (`user_id`, `media_id`, `created_at`) VALUES ('309', '62', '1992-05-26 05:14:09');
INSERT INTO `likes` (`user_id`, `media_id`, `created_at`) VALUES ('311', '63', '2006-11-27 09:31:03');
INSERT INTO `likes` (`user_id`, `media_id`, `created_at`) VALUES ('313', '64', '2016-01-23 19:30:48');
INSERT INTO `likes` (`user_id`, `media_id`, `created_at`) VALUES ('314', '65', '1984-12-06 13:43:38');
INSERT INTO `likes` (`user_id`, `media_id`, `created_at`) VALUES ('315', '66', '1976-01-04 22:23:49');
INSERT INTO `likes` (`user_id`, `media_id`, `created_at`) VALUES ('318', '67', '1995-11-18 04:59:25');
INSERT INTO `likes` (`user_id`, `media_id`, `created_at`) VALUES ('319', '68', '1996-12-15 13:21:54');
INSERT INTO `likes` (`user_id`, `media_id`, `created_at`) VALUES ('320', '69', '1988-01-12 17:31:07');
INSERT INTO `likes` (`user_id`, `media_id`, `created_at`) VALUES ('322', '70', '2003-04-27 22:08:08');
INSERT INTO `likes` (`user_id`, `media_id`, `created_at`) VALUES ('325', '71', '2016-04-23 00:19:14');
INSERT INTO `likes` (`user_id`, `media_id`, `created_at`) VALUES ('327', '72', '2003-05-02 11:41:03');
INSERT INTO `likes` (`user_id`, `media_id`, `created_at`) VALUES ('328', '73', '1990-01-21 12:35:49');
INSERT INTO `likes` (`user_id`, `media_id`, `created_at`) VALUES ('332', '74', '1995-08-26 15:26:32');
INSERT INTO `likes` (`user_id`, `media_id`, `created_at`) VALUES ('333', '75', '2003-08-24 22:15:49');
INSERT INTO `likes` (`user_id`, `media_id`, `created_at`) VALUES ('334', '76', '2009-04-21 18:58:58');
INSERT INTO `likes` (`user_id`, `media_id`, `created_at`) VALUES ('337', '77', '1972-06-05 02:25:25');
INSERT INTO `likes` (`user_id`, `media_id`, `created_at`) VALUES ('339', '78', '1989-08-09 17:09:17');
INSERT INTO `likes` (`user_id`, `media_id`, `created_at`) VALUES ('340', '79', '2011-02-12 18:23:30');
INSERT INTO `likes` (`user_id`, `media_id`, `created_at`) VALUES ('341', '80', '1998-02-21 07:33:28');
INSERT INTO `likes` (`user_id`, `media_id`, `created_at`) VALUES ('343', '81', '1979-07-17 21:10:52');
INSERT INTO `likes` (`user_id`, `media_id`, `created_at`) VALUES ('344', '82', '1990-08-14 09:14:24');
INSERT INTO `likes` (`user_id`, `media_id`, `created_at`) VALUES ('345', '83', '1972-05-15 09:50:47');
INSERT INTO `likes` (`user_id`, `media_id`, `created_at`) VALUES ('347', '84', '1970-05-18 12:19:42');
INSERT INTO `likes` (`user_id`, `media_id`, `created_at`) VALUES ('348', '85', '1982-05-28 04:29:37');
INSERT INTO `likes` (`user_id`, `media_id`, `created_at`) VALUES ('349', '86', '2005-10-28 14:27:33');
INSERT INTO `likes` (`user_id`, `media_id`, `created_at`) VALUES ('350', '87', '2001-02-14 07:14:06');
INSERT INTO `likes` (`user_id`, `media_id`, `created_at`) VALUES ('351', '88', '1990-08-06 13:59:41');
INSERT INTO `likes` (`user_id`, `media_id`, `created_at`) VALUES ('356', '89', '2008-02-27 18:51:10');
INSERT INTO `likes` (`user_id`, `media_id`, `created_at`) VALUES ('357', '90', '1985-12-01 15:43:03');
INSERT INTO `likes` (`user_id`, `media_id`, `created_at`) VALUES ('358', '91', '1989-05-16 16:53:38');
INSERT INTO `likes` (`user_id`, `media_id`, `created_at`) VALUES ('360', '92', '1999-07-21 11:27:56');
INSERT INTO `likes` (`user_id`, `media_id`, `created_at`) VALUES ('361', '93', '2009-03-21 03:19:03');
INSERT INTO `likes` (`user_id`, `media_id`, `created_at`) VALUES ('362', '94', '1973-10-29 03:20:42');
INSERT INTO `likes` (`user_id`, `media_id`, `created_at`) VALUES ('364', '95', '2015-06-02 20:18:32');
INSERT INTO `likes` (`user_id`, `media_id`, `created_at`) VALUES ('368', '96', '1972-09-12 20:11:28');
INSERT INTO `likes` (`user_id`, `media_id`, `created_at`) VALUES ('370', '97', '1988-08-23 18:59:34');
INSERT INTO `likes` (`user_id`, `media_id`, `created_at`) VALUES ('371', '98', '2002-04-03 00:15:34');
INSERT INTO `likes` (`user_id`, `media_id`, `created_at`) VALUES ('373', '99', '1992-09-30 15:21:25');
INSERT INTO `likes` (`user_id`, `media_id`, `created_at`) VALUES ('375', '100', '1981-04-08 02:41:10');

#
# TABLE STRUCTURE FOR: photo_albums
#

DROP TABLE IF EXISTS `photo_albums`;

CREATE TABLE `photo_albums` (
  `id` bigint(20) unsigned NOT NULL AUTO_INCREMENT,
  `name` varchar(255) COLLATE utf8_unicode_ci DEFAULT NULL,
  `user_id` bigint(20) unsigned DEFAULT NULL,
  PRIMARY KEY (`id`),
  UNIQUE KEY `id` (`id`),
  KEY `user_id` (`user_id`),
  CONSTRAINT `photo_albums_ibfk_1` FOREIGN KEY (`user_id`) REFERENCES `users` (`id`)
) ENGINE=InnoDB AUTO_INCREMENT=101 DEFAULT CHARSET=utf8 COLLATE=utf8_unicode_ci;

INSERT INTO `photo_albums` (`id`, `name`, `user_id`) VALUES ('1', 'molestiae', '201');
INSERT INTO `photo_albums` (`id`, `name`, `user_id`) VALUES ('2', 'est', '202');
INSERT INTO `photo_albums` (`id`, `name`, `user_id`) VALUES ('3', 'est', '203');
INSERT INTO `photo_albums` (`id`, `name`, `user_id`) VALUES ('4', 'dolorum', '204');
INSERT INTO `photo_albums` (`id`, `name`, `user_id`) VALUES ('5', 'praesentium', '205');
INSERT INTO `photo_albums` (`id`, `name`, `user_id`) VALUES ('6', 'quisquam', '207');
INSERT INTO `photo_albums` (`id`, `name`, `user_id`) VALUES ('7', 'quos', '208');
INSERT INTO `photo_albums` (`id`, `name`, `user_id`) VALUES ('8', 'eligendi', '209');
INSERT INTO `photo_albums` (`id`, `name`, `user_id`) VALUES ('9', 'et', '210');
INSERT INTO `photo_albums` (`id`, `name`, `user_id`) VALUES ('10', 'earum', '212');
INSERT INTO `photo_albums` (`id`, `name`, `user_id`) VALUES ('11', 'necessitatibus', '214');
INSERT INTO `photo_albums` (`id`, `name`, `user_id`) VALUES ('12', 'ratione', '215');
INSERT INTO `photo_albums` (`id`, `name`, `user_id`) VALUES ('13', 'nobis', '218');
INSERT INTO `photo_albums` (`id`, `name`, `user_id`) VALUES ('14', 'et', '219');
INSERT INTO `photo_albums` (`id`, `name`, `user_id`) VALUES ('15', 'odit', '221');
INSERT INTO `photo_albums` (`id`, `name`, `user_id`) VALUES ('16', 'ea', '223');
INSERT INTO `photo_albums` (`id`, `name`, `user_id`) VALUES ('17', 'natus', '224');
INSERT INTO `photo_albums` (`id`, `name`, `user_id`) VALUES ('18', 'ut', '231');
INSERT INTO `photo_albums` (`id`, `name`, `user_id`) VALUES ('19', 'est', '232');
INSERT INTO `photo_albums` (`id`, `name`, `user_id`) VALUES ('20', 'corporis', '233');
INSERT INTO `photo_albums` (`id`, `name`, `user_id`) VALUES ('21', 'dicta', '234');
INSERT INTO `photo_albums` (`id`, `name`, `user_id`) VALUES ('22', 'possimus', '237');
INSERT INTO `photo_albums` (`id`, `name`, `user_id`) VALUES ('23', 'ducimus', '239');
INSERT INTO `photo_albums` (`id`, `name`, `user_id`) VALUES ('24', 'dolor', '240');
INSERT INTO `photo_albums` (`id`, `name`, `user_id`) VALUES ('25', 'unde', '242');
INSERT INTO `photo_albums` (`id`, `name`, `user_id`) VALUES ('26', 'delectus', '243');
INSERT INTO `photo_albums` (`id`, `name`, `user_id`) VALUES ('27', 'nesciunt', '244');
INSERT INTO `photo_albums` (`id`, `name`, `user_id`) VALUES ('28', 'doloremque', '249');
INSERT INTO `photo_albums` (`id`, `name`, `user_id`) VALUES ('29', 'aspernatur', '250');
INSERT INTO `photo_albums` (`id`, `name`, `user_id`) VALUES ('30', 'enim', '252');
INSERT INTO `photo_albums` (`id`, `name`, `user_id`) VALUES ('31', 'ea', '255');
INSERT INTO `photo_albums` (`id`, `name`, `user_id`) VALUES ('32', 'et', '257');
INSERT INTO `photo_albums` (`id`, `name`, `user_id`) VALUES ('33', 'repellendus', '258');
INSERT INTO `photo_albums` (`id`, `name`, `user_id`) VALUES ('34', 'nobis', '259');
INSERT INTO `photo_albums` (`id`, `name`, `user_id`) VALUES ('35', 'est', '261');
INSERT INTO `photo_albums` (`id`, `name`, `user_id`) VALUES ('36', 'ut', '262');
INSERT INTO `photo_albums` (`id`, `name`, `user_id`) VALUES ('37', 'laudantium', '263');
INSERT INTO `photo_albums` (`id`, `name`, `user_id`) VALUES ('38', 'commodi', '265');
INSERT INTO `photo_albums` (`id`, `name`, `user_id`) VALUES ('39', 'ducimus', '267');
INSERT INTO `photo_albums` (`id`, `name`, `user_id`) VALUES ('40', 'iusto', '270');
INSERT INTO `photo_albums` (`id`, `name`, `user_id`) VALUES ('41', 'blanditiis', '272');
INSERT INTO `photo_albums` (`id`, `name`, `user_id`) VALUES ('42', 'dolore', '274');
INSERT INTO `photo_albums` (`id`, `name`, `user_id`) VALUES ('43', 'voluptatem', '275');
INSERT INTO `photo_albums` (`id`, `name`, `user_id`) VALUES ('44', 'earum', '276');
INSERT INTO `photo_albums` (`id`, `name`, `user_id`) VALUES ('45', 'id', '277');
INSERT INTO `photo_albums` (`id`, `name`, `user_id`) VALUES ('46', 'et', '280');
INSERT INTO `photo_albums` (`id`, `name`, `user_id`) VALUES ('47', 'labore', '281');
INSERT INTO `photo_albums` (`id`, `name`, `user_id`) VALUES ('48', 'ab', '282');
INSERT INTO `photo_albums` (`id`, `name`, `user_id`) VALUES ('49', 'ipsum', '283');
INSERT INTO `photo_albums` (`id`, `name`, `user_id`) VALUES ('50', 'aut', '285');
INSERT INTO `photo_albums` (`id`, `name`, `user_id`) VALUES ('51', 'magnam', '286');
INSERT INTO `photo_albums` (`id`, `name`, `user_id`) VALUES ('52', 'et', '287');
INSERT INTO `photo_albums` (`id`, `name`, `user_id`) VALUES ('53', 'dolore', '290');
INSERT INTO `photo_albums` (`id`, `name`, `user_id`) VALUES ('54', 'vel', '293');
INSERT INTO `photo_albums` (`id`, `name`, `user_id`) VALUES ('55', 'fuga', '297');
INSERT INTO `photo_albums` (`id`, `name`, `user_id`) VALUES ('56', 'ab', '299');
INSERT INTO `photo_albums` (`id`, `name`, `user_id`) VALUES ('57', 'dolor', '300');
INSERT INTO `photo_albums` (`id`, `name`, `user_id`) VALUES ('58', 'ad', '303');
INSERT INTO `photo_albums` (`id`, `name`, `user_id`) VALUES ('59', 'dolores', '306');
INSERT INTO `photo_albums` (`id`, `name`, `user_id`) VALUES ('60', 'totam', '307');
INSERT INTO `photo_albums` (`id`, `name`, `user_id`) VALUES ('61', 'quisquam', '308');
INSERT INTO `photo_albums` (`id`, `name`, `user_id`) VALUES ('62', 'porro', '309');
INSERT INTO `photo_albums` (`id`, `name`, `user_id`) VALUES ('63', 'recusandae', '311');
INSERT INTO `photo_albums` (`id`, `name`, `user_id`) VALUES ('64', 'neque', '313');
INSERT INTO `photo_albums` (`id`, `name`, `user_id`) VALUES ('65', 'molestias', '314');
INSERT INTO `photo_albums` (`id`, `name`, `user_id`) VALUES ('66', 'qui', '315');
INSERT INTO `photo_albums` (`id`, `name`, `user_id`) VALUES ('67', 'dignissimos', '318');
INSERT INTO `photo_albums` (`id`, `name`, `user_id`) VALUES ('68', 'molestias', '319');
INSERT INTO `photo_albums` (`id`, `name`, `user_id`) VALUES ('69', 'ipsum', '320');
INSERT INTO `photo_albums` (`id`, `name`, `user_id`) VALUES ('70', 'nihil', '322');
INSERT INTO `photo_albums` (`id`, `name`, `user_id`) VALUES ('71', 'impedit', '325');
INSERT INTO `photo_albums` (`id`, `name`, `user_id`) VALUES ('72', 'eos', '327');
INSERT INTO `photo_albums` (`id`, `name`, `user_id`) VALUES ('73', 'ut', '328');
INSERT INTO `photo_albums` (`id`, `name`, `user_id`) VALUES ('74', 'vero', '332');
INSERT INTO `photo_albums` (`id`, `name`, `user_id`) VALUES ('75', 'at', '333');
INSERT INTO `photo_albums` (`id`, `name`, `user_id`) VALUES ('76', 'odit', '334');
INSERT INTO `photo_albums` (`id`, `name`, `user_id`) VALUES ('77', 'adipisci', '337');
INSERT INTO `photo_albums` (`id`, `name`, `user_id`) VALUES ('78', 'voluptatibus', '339');
INSERT INTO `photo_albums` (`id`, `name`, `user_id`) VALUES ('79', 'nesciunt', '340');
INSERT INTO `photo_albums` (`id`, `name`, `user_id`) VALUES ('80', 'ab', '341');
INSERT INTO `photo_albums` (`id`, `name`, `user_id`) VALUES ('81', 'non', '343');
INSERT INTO `photo_albums` (`id`, `name`, `user_id`) VALUES ('82', 'vel', '344');
INSERT INTO `photo_albums` (`id`, `name`, `user_id`) VALUES ('83', 'porro', '345');
INSERT INTO `photo_albums` (`id`, `name`, `user_id`) VALUES ('84', 'dolor', '347');
INSERT INTO `photo_albums` (`id`, `name`, `user_id`) VALUES ('85', 'velit', '348');
INSERT INTO `photo_albums` (`id`, `name`, `user_id`) VALUES ('86', 'accusamus', '349');
INSERT INTO `photo_albums` (`id`, `name`, `user_id`) VALUES ('87', 'incidunt', '350');
INSERT INTO `photo_albums` (`id`, `name`, `user_id`) VALUES ('88', 'impedit', '351');
INSERT INTO `photo_albums` (`id`, `name`, `user_id`) VALUES ('89', 'aliquam', '356');
INSERT INTO `photo_albums` (`id`, `name`, `user_id`) VALUES ('90', 'necessitatibus', '357');
INSERT INTO `photo_albums` (`id`, `name`, `user_id`) VALUES ('91', 'assumenda', '358');
INSERT INTO `photo_albums` (`id`, `name`, `user_id`) VALUES ('92', 'magnam', '360');
INSERT INTO `photo_albums` (`id`, `name`, `user_id`) VALUES ('93', 'accusantium', '361');
INSERT INTO `photo_albums` (`id`, `name`, `user_id`) VALUES ('94', 'velit', '362');
INSERT INTO `photo_albums` (`id`, `name`, `user_id`) VALUES ('95', 'exercitationem', '364');
INSERT INTO `photo_albums` (`id`, `name`, `user_id`) VALUES ('96', 'nemo', '368');
INSERT INTO `photo_albums` (`id`, `name`, `user_id`) VALUES ('97', 'ducimus', '370');
INSERT INTO `photo_albums` (`id`, `name`, `user_id`) VALUES ('98', 'distinctio', '371');
INSERT INTO `photo_albums` (`id`, `name`, `user_id`) VALUES ('99', 'distinctio', '373');
INSERT INTO `photo_albums` (`id`, `name`, `user_id`) VALUES ('100', 'nulla', '375');

#
# TABLE STRUCTURE FOR: photos
#

DROP TABLE IF EXISTS `photos`;

CREATE TABLE `photos` (
  `id` bigint(20) unsigned NOT NULL AUTO_INCREMENT,
  `album_id` bigint(20) unsigned NOT NULL,
  `media_id` bigint(20) unsigned NOT NULL,
  PRIMARY KEY (`id`),
  KEY `album_id` (`album_id`),
  KEY `media_id` (`media_id`),
  CONSTRAINT `photos_ibfk_1` FOREIGN KEY (`album_id`) REFERENCES `photo_albums` (`id`),
  CONSTRAINT `photos_ibfk_2` FOREIGN KEY (`media_id`) REFERENCES `media` (`id`)
) ENGINE=InnoDB AUTO_INCREMENT=101 DEFAULT CHARSET=utf8 COLLATE=utf8_unicode_ci;

INSERT INTO `photos` (`id`, `album_id`, `media_id`) VALUES ('1', '1', '1');
INSERT INTO `photos` (`id`, `album_id`, `media_id`) VALUES ('2', '2', '2');
INSERT INTO `photos` (`id`, `album_id`, `media_id`) VALUES ('3', '3', '3');
INSERT INTO `photos` (`id`, `album_id`, `media_id`) VALUES ('4', '4', '4');
INSERT INTO `photos` (`id`, `album_id`, `media_id`) VALUES ('5', '5', '5');
INSERT INTO `photos` (`id`, `album_id`, `media_id`) VALUES ('6', '6', '6');
INSERT INTO `photos` (`id`, `album_id`, `media_id`) VALUES ('7', '7', '7');
INSERT INTO `photos` (`id`, `album_id`, `media_id`) VALUES ('8', '8', '8');
INSERT INTO `photos` (`id`, `album_id`, `media_id`) VALUES ('9', '9', '9');
INSERT INTO `photos` (`id`, `album_id`, `media_id`) VALUES ('10', '10', '10');
INSERT INTO `photos` (`id`, `album_id`, `media_id`) VALUES ('11', '11', '11');
INSERT INTO `photos` (`id`, `album_id`, `media_id`) VALUES ('12', '12', '12');
INSERT INTO `photos` (`id`, `album_id`, `media_id`) VALUES ('13', '13', '13');
INSERT INTO `photos` (`id`, `album_id`, `media_id`) VALUES ('14', '14', '14');
INSERT INTO `photos` (`id`, `album_id`, `media_id`) VALUES ('15', '15', '15');
INSERT INTO `photos` (`id`, `album_id`, `media_id`) VALUES ('16', '16', '16');
INSERT INTO `photos` (`id`, `album_id`, `media_id`) VALUES ('17', '17', '17');
INSERT INTO `photos` (`id`, `album_id`, `media_id`) VALUES ('18', '18', '18');
INSERT INTO `photos` (`id`, `album_id`, `media_id`) VALUES ('19', '19', '19');
INSERT INTO `photos` (`id`, `album_id`, `media_id`) VALUES ('20', '20', '20');
INSERT INTO `photos` (`id`, `album_id`, `media_id`) VALUES ('21', '21', '21');
INSERT INTO `photos` (`id`, `album_id`, `media_id`) VALUES ('22', '22', '22');
INSERT INTO `photos` (`id`, `album_id`, `media_id`) VALUES ('23', '23', '23');
INSERT INTO `photos` (`id`, `album_id`, `media_id`) VALUES ('24', '24', '24');
INSERT INTO `photos` (`id`, `album_id`, `media_id`) VALUES ('25', '25', '25');
INSERT INTO `photos` (`id`, `album_id`, `media_id`) VALUES ('26', '26', '26');
INSERT INTO `photos` (`id`, `album_id`, `media_id`) VALUES ('27', '27', '27');
INSERT INTO `photos` (`id`, `album_id`, `media_id`) VALUES ('28', '28', '28');
INSERT INTO `photos` (`id`, `album_id`, `media_id`) VALUES ('29', '29', '29');
INSERT INTO `photos` (`id`, `album_id`, `media_id`) VALUES ('30', '30', '30');
INSERT INTO `photos` (`id`, `album_id`, `media_id`) VALUES ('31', '31', '31');
INSERT INTO `photos` (`id`, `album_id`, `media_id`) VALUES ('32', '32', '32');
INSERT INTO `photos` (`id`, `album_id`, `media_id`) VALUES ('33', '33', '33');
INSERT INTO `photos` (`id`, `album_id`, `media_id`) VALUES ('34', '34', '34');
INSERT INTO `photos` (`id`, `album_id`, `media_id`) VALUES ('35', '35', '35');
INSERT INTO `photos` (`id`, `album_id`, `media_id`) VALUES ('36', '36', '36');
INSERT INTO `photos` (`id`, `album_id`, `media_id`) VALUES ('37', '37', '37');
INSERT INTO `photos` (`id`, `album_id`, `media_id`) VALUES ('38', '38', '38');
INSERT INTO `photos` (`id`, `album_id`, `media_id`) VALUES ('39', '39', '39');
INSERT INTO `photos` (`id`, `album_id`, `media_id`) VALUES ('40', '40', '40');
INSERT INTO `photos` (`id`, `album_id`, `media_id`) VALUES ('41', '41', '41');
INSERT INTO `photos` (`id`, `album_id`, `media_id`) VALUES ('42', '42', '42');
INSERT INTO `photos` (`id`, `album_id`, `media_id`) VALUES ('43', '43', '43');
INSERT INTO `photos` (`id`, `album_id`, `media_id`) VALUES ('44', '44', '44');
INSERT INTO `photos` (`id`, `album_id`, `media_id`) VALUES ('45', '45', '45');
INSERT INTO `photos` (`id`, `album_id`, `media_id`) VALUES ('46', '46', '46');
INSERT INTO `photos` (`id`, `album_id`, `media_id`) VALUES ('47', '47', '47');
INSERT INTO `photos` (`id`, `album_id`, `media_id`) VALUES ('48', '48', '48');
INSERT INTO `photos` (`id`, `album_id`, `media_id`) VALUES ('49', '49', '49');
INSERT INTO `photos` (`id`, `album_id`, `media_id`) VALUES ('50', '50', '50');
INSERT INTO `photos` (`id`, `album_id`, `media_id`) VALUES ('51', '51', '51');
INSERT INTO `photos` (`id`, `album_id`, `media_id`) VALUES ('52', '52', '52');
INSERT INTO `photos` (`id`, `album_id`, `media_id`) VALUES ('53', '53', '53');
INSERT INTO `photos` (`id`, `album_id`, `media_id`) VALUES ('54', '54', '54');
INSERT INTO `photos` (`id`, `album_id`, `media_id`) VALUES ('55', '55', '55');
INSERT INTO `photos` (`id`, `album_id`, `media_id`) VALUES ('56', '56', '56');
INSERT INTO `photos` (`id`, `album_id`, `media_id`) VALUES ('57', '57', '57');
INSERT INTO `photos` (`id`, `album_id`, `media_id`) VALUES ('58', '58', '58');
INSERT INTO `photos` (`id`, `album_id`, `media_id`) VALUES ('59', '59', '59');
INSERT INTO `photos` (`id`, `album_id`, `media_id`) VALUES ('60', '60', '60');
INSERT INTO `photos` (`id`, `album_id`, `media_id`) VALUES ('61', '61', '61');
INSERT INTO `photos` (`id`, `album_id`, `media_id`) VALUES ('62', '62', '62');
INSERT INTO `photos` (`id`, `album_id`, `media_id`) VALUES ('63', '63', '63');
INSERT INTO `photos` (`id`, `album_id`, `media_id`) VALUES ('64', '64', '64');
INSERT INTO `photos` (`id`, `album_id`, `media_id`) VALUES ('65', '65', '65');
INSERT INTO `photos` (`id`, `album_id`, `media_id`) VALUES ('66', '66', '66');
INSERT INTO `photos` (`id`, `album_id`, `media_id`) VALUES ('67', '67', '67');
INSERT INTO `photos` (`id`, `album_id`, `media_id`) VALUES ('68', '68', '68');
INSERT INTO `photos` (`id`, `album_id`, `media_id`) VALUES ('69', '69', '69');
INSERT INTO `photos` (`id`, `album_id`, `media_id`) VALUES ('70', '70', '70');
INSERT INTO `photos` (`id`, `album_id`, `media_id`) VALUES ('71', '71', '71');
INSERT INTO `photos` (`id`, `album_id`, `media_id`) VALUES ('72', '72', '72');
INSERT INTO `photos` (`id`, `album_id`, `media_id`) VALUES ('73', '73', '73');
INSERT INTO `photos` (`id`, `album_id`, `media_id`) VALUES ('74', '74', '74');
INSERT INTO `photos` (`id`, `album_id`, `media_id`) VALUES ('75', '75', '75');
INSERT INTO `photos` (`id`, `album_id`, `media_id`) VALUES ('76', '76', '76');
INSERT INTO `photos` (`id`, `album_id`, `media_id`) VALUES ('77', '77', '77');
INSERT INTO `photos` (`id`, `album_id`, `media_id`) VALUES ('78', '78', '78');
INSERT INTO `photos` (`id`, `album_id`, `media_id`) VALUES ('79', '79', '79');
INSERT INTO `photos` (`id`, `album_id`, `media_id`) VALUES ('80', '80', '80');
INSERT INTO `photos` (`id`, `album_id`, `media_id`) VALUES ('81', '81', '81');
INSERT INTO `photos` (`id`, `album_id`, `media_id`) VALUES ('82', '82', '82');
INSERT INTO `photos` (`id`, `album_id`, `media_id`) VALUES ('83', '83', '83');
INSERT INTO `photos` (`id`, `album_id`, `media_id`) VALUES ('84', '84', '84');
INSERT INTO `photos` (`id`, `album_id`, `media_id`) VALUES ('85', '85', '85');
INSERT INTO `photos` (`id`, `album_id`, `media_id`) VALUES ('86', '86', '86');
INSERT INTO `photos` (`id`, `album_id`, `media_id`) VALUES ('87', '87', '87');
INSERT INTO `photos` (`id`, `album_id`, `media_id`) VALUES ('88', '88', '88');
INSERT INTO `photos` (`id`, `album_id`, `media_id`) VALUES ('89', '89', '89');
INSERT INTO `photos` (`id`, `album_id`, `media_id`) VALUES ('90', '90', '90');
INSERT INTO `photos` (`id`, `album_id`, `media_id`) VALUES ('91', '91', '91');
INSERT INTO `photos` (`id`, `album_id`, `media_id`) VALUES ('92', '92', '92');
INSERT INTO `photos` (`id`, `album_id`, `media_id`) VALUES ('93', '93', '93');
INSERT INTO `photos` (`id`, `album_id`, `media_id`) VALUES ('94', '94', '94');
INSERT INTO `photos` (`id`, `album_id`, `media_id`) VALUES ('95', '95', '95');
INSERT INTO `photos` (`id`, `album_id`, `media_id`) VALUES ('96', '96', '96');
INSERT INTO `photos` (`id`, `album_id`, `media_id`) VALUES ('97', '97', '97');
INSERT INTO `photos` (`id`, `album_id`, `media_id`) VALUES ('98', '98', '98');
INSERT INTO `photos` (`id`, `album_id`, `media_id`) VALUES ('99', '99', '99');
INSERT INTO `photos` (`id`, `album_id`, `media_id`) VALUES ('100', '100', '100');

#
# TABLE STRUCTURE FOR: users_likes
#

DROP TABLE IF EXISTS `users_likes`;

CREATE TABLE `users_likes` (
  `from_user_id` bigint(20) unsigned NOT NULL,
  `to_user_id` bigint(20) unsigned NOT NULL,
  `created_at` datetime DEFAULT current_timestamp(),
  PRIMARY KEY (`from_user_id`,`to_user_id`),
  KEY `to_user_id` (`to_user_id`),
  CONSTRAINT `users_likes_ibfk_1` FOREIGN KEY (`from_user_id`) REFERENCES `users` (`id`),
  CONSTRAINT `users_likes_ibfk_2` FOREIGN KEY (`to_user_id`) REFERENCES `users` (`id`)
) ENGINE=InnoDB DEFAULT CHARSET=utf8 COLLATE=utf8_unicode_ci;

INSERT INTO `users_likes` (`from_user_id`, `to_user_id`, `created_at`) VALUES ('201', '201', '1972-05-27 04:01:08');
INSERT INTO `users_likes` (`from_user_id`, `to_user_id`, `created_at`) VALUES ('202', '202', '1981-04-06 12:12:02');
INSERT INTO `users_likes` (`from_user_id`, `to_user_id`, `created_at`) VALUES ('203', '203', '2014-02-28 06:47:33');
INSERT INTO `users_likes` (`from_user_id`, `to_user_id`, `created_at`) VALUES ('204', '204', '2000-06-09 09:17:38');
INSERT INTO `users_likes` (`from_user_id`, `to_user_id`, `created_at`) VALUES ('205', '205', '1975-01-25 10:37:39');
INSERT INTO `users_likes` (`from_user_id`, `to_user_id`, `created_at`) VALUES ('207', '207', '2015-09-14 17:13:09');
INSERT INTO `users_likes` (`from_user_id`, `to_user_id`, `created_at`) VALUES ('208', '208', '1974-10-09 14:44:58');
INSERT INTO `users_likes` (`from_user_id`, `to_user_id`, `created_at`) VALUES ('209', '209', '1980-07-16 18:15:30');
INSERT INTO `users_likes` (`from_user_id`, `to_user_id`, `created_at`) VALUES ('210', '210', '2008-06-22 14:03:14');
INSERT INTO `users_likes` (`from_user_id`, `to_user_id`, `created_at`) VALUES ('212', '212', '1982-03-06 16:32:39');
INSERT INTO `users_likes` (`from_user_id`, `to_user_id`, `created_at`) VALUES ('214', '214', '2010-08-04 03:24:22');
INSERT INTO `users_likes` (`from_user_id`, `to_user_id`, `created_at`) VALUES ('215', '215', '2014-10-19 20:40:16');
INSERT INTO `users_likes` (`from_user_id`, `to_user_id`, `created_at`) VALUES ('218', '218', '1988-08-03 01:48:41');
INSERT INTO `users_likes` (`from_user_id`, `to_user_id`, `created_at`) VALUES ('219', '219', '1993-12-28 04:05:33');
INSERT INTO `users_likes` (`from_user_id`, `to_user_id`, `created_at`) VALUES ('221', '221', '2011-05-13 01:47:18');
INSERT INTO `users_likes` (`from_user_id`, `to_user_id`, `created_at`) VALUES ('223', '223', '2019-04-20 00:05:57');
INSERT INTO `users_likes` (`from_user_id`, `to_user_id`, `created_at`) VALUES ('224', '224', '2012-12-02 05:10:39');
INSERT INTO `users_likes` (`from_user_id`, `to_user_id`, `created_at`) VALUES ('231', '231', '2004-04-20 18:43:41');
INSERT INTO `users_likes` (`from_user_id`, `to_user_id`, `created_at`) VALUES ('232', '232', '2007-10-13 20:23:41');
INSERT INTO `users_likes` (`from_user_id`, `to_user_id`, `created_at`) VALUES ('233', '233', '2009-04-30 22:39:35');
INSERT INTO `users_likes` (`from_user_id`, `to_user_id`, `created_at`) VALUES ('234', '234', '1994-08-03 20:56:44');
INSERT INTO `users_likes` (`from_user_id`, `to_user_id`, `created_at`) VALUES ('237', '237', '2007-01-18 21:06:47');
INSERT INTO `users_likes` (`from_user_id`, `to_user_id`, `created_at`) VALUES ('239', '239', '1973-09-14 15:41:38');
INSERT INTO `users_likes` (`from_user_id`, `to_user_id`, `created_at`) VALUES ('240', '240', '2001-11-15 18:20:04');
INSERT INTO `users_likes` (`from_user_id`, `to_user_id`, `created_at`) VALUES ('242', '242', '1992-12-02 23:41:11');
INSERT INTO `users_likes` (`from_user_id`, `to_user_id`, `created_at`) VALUES ('243', '243', '1997-08-26 17:49:41');
INSERT INTO `users_likes` (`from_user_id`, `to_user_id`, `created_at`) VALUES ('244', '244', '1999-10-16 16:59:12');
INSERT INTO `users_likes` (`from_user_id`, `to_user_id`, `created_at`) VALUES ('249', '249', '1998-12-26 20:59:33');
INSERT INTO `users_likes` (`from_user_id`, `to_user_id`, `created_at`) VALUES ('250', '250', '2011-11-15 19:11:04');
INSERT INTO `users_likes` (`from_user_id`, `to_user_id`, `created_at`) VALUES ('252', '252', '2005-03-28 18:53:26');
INSERT INTO `users_likes` (`from_user_id`, `to_user_id`, `created_at`) VALUES ('255', '255', '1992-03-06 17:23:10');
INSERT INTO `users_likes` (`from_user_id`, `to_user_id`, `created_at`) VALUES ('257', '257', '2011-01-12 00:59:24');
INSERT INTO `users_likes` (`from_user_id`, `to_user_id`, `created_at`) VALUES ('258', '258', '2010-03-31 23:50:06');
INSERT INTO `users_likes` (`from_user_id`, `to_user_id`, `created_at`) VALUES ('259', '259', '1991-06-23 20:24:26');
INSERT INTO `users_likes` (`from_user_id`, `to_user_id`, `created_at`) VALUES ('261', '261', '1989-01-03 01:25:57');
INSERT INTO `users_likes` (`from_user_id`, `to_user_id`, `created_at`) VALUES ('262', '262', '1987-06-11 05:00:32');
INSERT INTO `users_likes` (`from_user_id`, `to_user_id`, `created_at`) VALUES ('263', '263', '1989-10-03 01:01:07');
INSERT INTO `users_likes` (`from_user_id`, `to_user_id`, `created_at`) VALUES ('265', '265', '2003-10-05 14:07:27');
INSERT INTO `users_likes` (`from_user_id`, `to_user_id`, `created_at`) VALUES ('267', '267', '2000-01-04 17:44:54');
INSERT INTO `users_likes` (`from_user_id`, `to_user_id`, `created_at`) VALUES ('270', '270', '1978-02-18 16:09:42');
INSERT INTO `users_likes` (`from_user_id`, `to_user_id`, `created_at`) VALUES ('272', '272', '1970-12-27 14:08:47');
INSERT INTO `users_likes` (`from_user_id`, `to_user_id`, `created_at`) VALUES ('274', '274', '1979-02-26 04:15:13');
INSERT INTO `users_likes` (`from_user_id`, `to_user_id`, `created_at`) VALUES ('275', '275', '1996-01-16 06:31:04');
INSERT INTO `users_likes` (`from_user_id`, `to_user_id`, `created_at`) VALUES ('276', '276', '1976-02-05 15:32:00');
INSERT INTO `users_likes` (`from_user_id`, `to_user_id`, `created_at`) VALUES ('277', '277', '2003-09-11 20:29:39');
INSERT INTO `users_likes` (`from_user_id`, `to_user_id`, `created_at`) VALUES ('280', '280', '1976-07-30 02:28:48');
INSERT INTO `users_likes` (`from_user_id`, `to_user_id`, `created_at`) VALUES ('281', '281', '1979-05-27 05:04:58');
INSERT INTO `users_likes` (`from_user_id`, `to_user_id`, `created_at`) VALUES ('282', '282', '1992-03-13 05:53:24');
INSERT INTO `users_likes` (`from_user_id`, `to_user_id`, `created_at`) VALUES ('283', '283', '1998-05-20 07:39:21');
INSERT INTO `users_likes` (`from_user_id`, `to_user_id`, `created_at`) VALUES ('285', '285', '1988-05-24 17:26:12');
INSERT INTO `users_likes` (`from_user_id`, `to_user_id`, `created_at`) VALUES ('286', '286', '1973-02-27 23:30:45');
INSERT INTO `users_likes` (`from_user_id`, `to_user_id`, `created_at`) VALUES ('287', '287', '2017-07-04 16:21:06');
INSERT INTO `users_likes` (`from_user_id`, `to_user_id`, `created_at`) VALUES ('290', '290', '1986-02-27 16:57:19');
INSERT INTO `users_likes` (`from_user_id`, `to_user_id`, `created_at`) VALUES ('293', '293', '1971-03-22 12:23:29');
INSERT INTO `users_likes` (`from_user_id`, `to_user_id`, `created_at`) VALUES ('297', '297', '2013-05-17 02:19:55');
INSERT INTO `users_likes` (`from_user_id`, `to_user_id`, `created_at`) VALUES ('299', '299', '2006-12-19 04:43:10');
INSERT INTO `users_likes` (`from_user_id`, `to_user_id`, `created_at`) VALUES ('300', '300', '1987-02-22 15:42:24');
INSERT INTO `users_likes` (`from_user_id`, `to_user_id`, `created_at`) VALUES ('303', '303', '2010-07-19 13:57:43');
INSERT INTO `users_likes` (`from_user_id`, `to_user_id`, `created_at`) VALUES ('306', '306', '1973-12-18 21:30:00');
INSERT INTO `users_likes` (`from_user_id`, `to_user_id`, `created_at`) VALUES ('307', '307', '1973-09-06 05:07:32');
INSERT INTO `users_likes` (`from_user_id`, `to_user_id`, `created_at`) VALUES ('308', '308', '2004-06-08 18:27:01');
INSERT INTO `users_likes` (`from_user_id`, `to_user_id`, `created_at`) VALUES ('309', '309', '1977-05-04 18:13:56');
INSERT INTO `users_likes` (`from_user_id`, `to_user_id`, `created_at`) VALUES ('311', '311', '2014-05-23 00:24:00');
INSERT INTO `users_likes` (`from_user_id`, `to_user_id`, `created_at`) VALUES ('313', '313', '1971-12-20 22:01:20');
INSERT INTO `users_likes` (`from_user_id`, `to_user_id`, `created_at`) VALUES ('314', '314', '1994-11-22 05:34:58');
INSERT INTO `users_likes` (`from_user_id`, `to_user_id`, `created_at`) VALUES ('315', '315', '1979-06-13 15:44:14');
INSERT INTO `users_likes` (`from_user_id`, `to_user_id`, `created_at`) VALUES ('318', '318', '1973-01-21 06:55:33');
INSERT INTO `users_likes` (`from_user_id`, `to_user_id`, `created_at`) VALUES ('319', '319', '1981-12-25 16:19:04');
INSERT INTO `users_likes` (`from_user_id`, `to_user_id`, `created_at`) VALUES ('320', '320', '1986-01-16 08:29:21');
INSERT INTO `users_likes` (`from_user_id`, `to_user_id`, `created_at`) VALUES ('322', '322', '2012-06-25 00:00:45');
INSERT INTO `users_likes` (`from_user_id`, `to_user_id`, `created_at`) VALUES ('325', '325', '2014-11-29 07:27:53');
INSERT INTO `users_likes` (`from_user_id`, `to_user_id`, `created_at`) VALUES ('327', '327', '1978-05-08 14:49:06');
INSERT INTO `users_likes` (`from_user_id`, `to_user_id`, `created_at`) VALUES ('328', '328', '1984-07-05 22:00:31');
INSERT INTO `users_likes` (`from_user_id`, `to_user_id`, `created_at`) VALUES ('332', '332', '2009-11-14 21:16:38');
INSERT INTO `users_likes` (`from_user_id`, `to_user_id`, `created_at`) VALUES ('333', '333', '1970-06-06 10:47:09');
INSERT INTO `users_likes` (`from_user_id`, `to_user_id`, `created_at`) VALUES ('334', '334', '1989-08-31 03:15:40');
INSERT INTO `users_likes` (`from_user_id`, `to_user_id`, `created_at`) VALUES ('337', '337', '1998-06-15 15:17:32');
INSERT INTO `users_likes` (`from_user_id`, `to_user_id`, `created_at`) VALUES ('339', '339', '1983-11-20 15:29:44');
INSERT INTO `users_likes` (`from_user_id`, `to_user_id`, `created_at`) VALUES ('340', '340', '1984-06-18 11:36:46');
INSERT INTO `users_likes` (`from_user_id`, `to_user_id`, `created_at`) VALUES ('341', '341', '1982-03-20 23:11:58');
INSERT INTO `users_likes` (`from_user_id`, `to_user_id`, `created_at`) VALUES ('343', '343', '2012-06-01 04:41:56');
INSERT INTO `users_likes` (`from_user_id`, `to_user_id`, `created_at`) VALUES ('344', '344', '2000-03-22 20:05:31');
INSERT INTO `users_likes` (`from_user_id`, `to_user_id`, `created_at`) VALUES ('345', '345', '2003-03-24 13:20:18');
INSERT INTO `users_likes` (`from_user_id`, `to_user_id`, `created_at`) VALUES ('347', '347', '2006-10-18 11:36:37');
INSERT INTO `users_likes` (`from_user_id`, `to_user_id`, `created_at`) VALUES ('348', '348', '1987-06-05 15:17:43');
INSERT INTO `users_likes` (`from_user_id`, `to_user_id`, `created_at`) VALUES ('349', '349', '1991-11-02 19:53:32');
INSERT INTO `users_likes` (`from_user_id`, `to_user_id`, `created_at`) VALUES ('350', '350', '1983-05-07 06:29:31');
INSERT INTO `users_likes` (`from_user_id`, `to_user_id`, `created_at`) VALUES ('351', '351', '2004-01-22 18:58:23');
INSERT INTO `users_likes` (`from_user_id`, `to_user_id`, `created_at`) VALUES ('356', '356', '2015-09-13 18:20:16');
INSERT INTO `users_likes` (`from_user_id`, `to_user_id`, `created_at`) VALUES ('357', '357', '1971-11-27 14:21:45');
INSERT INTO `users_likes` (`from_user_id`, `to_user_id`, `created_at`) VALUES ('358', '358', '2019-02-26 15:10:53');
INSERT INTO `users_likes` (`from_user_id`, `to_user_id`, `created_at`) VALUES ('360', '360', '2019-05-24 13:13:12');
INSERT INTO `users_likes` (`from_user_id`, `to_user_id`, `created_at`) VALUES ('361', '361', '1970-06-22 11:49:57');
INSERT INTO `users_likes` (`from_user_id`, `to_user_id`, `created_at`) VALUES ('362', '362', '1987-07-19 21:13:26');
INSERT INTO `users_likes` (`from_user_id`, `to_user_id`, `created_at`) VALUES ('364', '364', '2017-11-14 16:38:00');
INSERT INTO `users_likes` (`from_user_id`, `to_user_id`, `created_at`) VALUES ('368', '368', '1992-07-08 07:19:33');
INSERT INTO `users_likes` (`from_user_id`, `to_user_id`, `created_at`) VALUES ('370', '370', '1990-12-31 07:35:45');
INSERT INTO `users_likes` (`from_user_id`, `to_user_id`, `created_at`) VALUES ('371', '371', '2008-03-05 14:26:27');
INSERT INTO `users_likes` (`from_user_id`, `to_user_id`, `created_at`) VALUES ('373', '373', '1999-02-04 05:38:01');
INSERT INTO `users_likes` (`from_user_id`, `to_user_id`, `created_at`) VALUES ('375', '375', '2002-05-06 11:52:48');


